time,voc_message
1765296585528716903,Temp: 30.94 °C  Hum: 64.72%  VOC: 94.31 kΩ
1765296586528923117,Temp: 30.95 °C  Hum: 64.72%  VOC: 93.99 kΩ
1765296587528669517,Temp: 30.95 °C  Hum: 64.70%  VOC: 93.99 kΩ
1765296588581762888,Temp: 30.95 °C  Hum: 64.70%  VOC: 94.21 kΩ
1765296589950544043,Temp: 30.95 °C  Hum: 64.69%  VOC: 93.99 kΩ
1765296591320651600,Temp: 30.95 °C  Hum: 64.70%  VOC: 93.99 kΩ
1765296592688620629,Temp: 30.95 °C  Hum: 64.69%  VOC: 93.78 kΩ
1765296594057543876,Temp: 30.95 °C  Hum: 64.69%  VOC: 93.99 kΩ
1765296595426907603,Temp: 30.95 °C  Hum: 64.67%  VOC: 93.99 kΩ
1765296596796111609,Temp: 30.95 °C  Hum: 64.69%  VOC: 93.68 kΩ
1765296598164943875,Temp: 30.96 °C  Hum: 64.69%  VOC: 93.99 kΩ
1765296599533718697,Temp: 30.96 °C  Hum: 64.68%  VOC: 93.57 kΩ
1765296600902734888,Temp: 30.96 °C  Hum: 64.67%  VOC: 93.78 kΩ
1765296602272052374,Temp: 30.96 °C  Hum: 64.66%  VOC: 93.36 kΩ
1765296603640852326,Temp: 30.96 °C  Hum: 64.66%  VOC: 93.68 kΩ
1765296605010139942,Temp: 30.96 °C  Hum: 64.67%  VOC: 93.36 kΩ
1765296606378702672,Temp: 30.96 °C  Hum: 64.65%  VOC: 93.78 kΩ
1765296607747964214,Temp: 30.97 °C  Hum: 64.64%  VOC: 93.57 kΩ
1765296609116941405,Temp: 30.97 °C  Hum: 64.65%  VOC: 93.89 kΩ
1765296610486028393,Temp: 30.96 °C  Hum: 64.64%  VOC: 94.21 kΩ
1765296611856457337,Temp: 30.96 °C  Hum: 64.63%  VOC: 94.74 kΩ
1765296613224094534,Temp: 30.96 °C  Hum: 64.65%  VOC: 95.07 kΩ
1765296614592695098,Temp: 30.96 °C  Hum: 64.78%  VOC: 95.84 kΩ
1765296615961852862,Temp: 30.96 °C  Hum: 64.87%  VOC: 95.51 kΩ
1765296617330991738,Temp: 30.95 °C  Hum: 64.97%  VOC: 94.57 kΩ
1765296618699971596,Temp: 30.95 °C  Hum: 65.05%  VOC: 95.73 kΩ
1765296620069155250,Temp: 30.94 °C  Hum: 65.13%  VOC: 95.27 kΩ
1765296621438130367,Temp: 30.94 °C  Hum: 65.20%  VOC: 95.27 kΩ
1765296622808914255,Temp: 30.94 °C  Hum: 65.23%  VOC: 95.38 kΩ
1765296624176253305,Temp: 30.94 °C  Hum: 65.27%  VOC: 94.41 kΩ
1765296625545152830,Temp: 30.93 °C  Hum: 65.30%  VOC: 95.71 kΩ
1765296626914153244,Temp: 30.93 °C  Hum: 65.32%  VOC: 95.38 kΩ
1765296628283191990,Temp: 30.92 °C  Hum: 65.35%  VOC: 96.10 kΩ
1765296629652218274,Temp: 30.92 °C  Hum: 65.37%  VOC: 95.60 kΩ
1765296631021835778,Temp: 30.92 °C  Hum: 65.36%  VOC: 95.88 kΩ
1765296632389999824,Temp: 30.92 °C  Hum: 65.37%  VOC: 96.21 kΩ
1765296633759186071,Temp: 30.91 °C  Hum: 65.38%  VOC: 96.60 kΩ
1765296635128135281,Temp: 30.91 °C  Hum: 65.37%  VOC: 96.21 kΩ
1765296636497869895,Temp: 30.91 °C  Hum: 65.38%  VOC: 96.60 kΩ
1765296637866423162,Temp: 30.91 °C  Hum: 65.39%  VOC: 96.88 kΩ
1765296639235394002,Temp: 30.91 °C  Hum: 65.36%  VOC: 96.54 kΩ
1765296640603966843,Temp: 30.91 °C  Hum: 65.36%  VOC: 96.66 kΩ
1765296641973381292,Temp: 30.91 °C  Hum: 65.36%  VOC: 96.88 kΩ
1765296643342248206,Temp: 30.91 °C  Hum: 65.35%  VOC: 97.34 kΩ
1765296644711335434,Temp: 30.91 °C  Hum: 65.38%  VOC: 97.11 kΩ
1765296646080482625,Temp: 30.91 °C  Hum: 65.38%  VOC: 97.17 kΩ
1765296647449241761,Temp: 30.91 °C  Hum: 65.36%  VOC: 97.05 kΩ
1765296648818164157,Temp: 30.90 °C  Hum: 65.37%  VOC: 97.45 kΩ
1765296650187784679,Temp: 30.90 °C  Hum: 65.36%  VOC: 97.62 kΩ
1765296651556516705,Temp: 30.90 °C  Hum: 65.38%  VOC: 97.39 kΩ
1765296652925458581,Temp: 30.90 °C  Hum: 65.37%  VOC: 97.45 kΩ
1765296654296496283,Temp: 30.90 °C  Hum: 65.37%  VOC: 97.91 kΩ
1765296655663253872,Temp: 30.90 °C  Hum: 65.38%  VOC: 97.62 kΩ
1765296657032204694,Temp: 30.90 °C  Hum: 65.36%  VOC: 97.74 kΩ
1765296658404065484,Temp: 30.90 °C  Hum: 65.36%  VOC: 97.74 kΩ
1765296659770490705,Temp: 30.90 °C  Hum: 65.36%  VOC: 97.56 kΩ
1765296661140932353,Temp: 30.90 °C  Hum: 65.36%  VOC: 97.68 kΩ
1765296662508603513,Temp: 30.89 °C  Hum: 65.34%  VOC: 97.79 kΩ
1765296663877284261,Temp: 30.89 °C  Hum: 65.35%  VOC: 98.08 kΩ
1765296665246250693,Temp: 30.89 °C  Hum: 65.35%  VOC: 98.55 kΩ
1765296666615434939,Temp: 30.89 °C  Hum: 65.37%  VOC: 98.26 kΩ
1765296667984670833,Temp: 30.89 °C  Hum: 65.35%  VOC: 98.84 kΩ
1765296669353469340,Temp: 30.89 °C  Hum: 65.35%  VOC: 98.61 kΩ
1765296670722650050,Temp: 30.89 °C  Hum: 65.33%  VOC: 98.78 kΩ
1765296672091546315,Temp: 30.89 °C  Hum: 65.32%  VOC: 98.61 kΩ
1765296673460622988,Temp: 30.89 °C  Hum: 65.31%  VOC: 98.55 kΩ
1765296674829830715,Temp: 30.89 °C  Hum: 65.31%  VOC: 98.55 kΩ
1765296676198644204,Temp: 30.89 °C  Hum: 65.32%  VOC: 98.14 kΩ
1765296677567670025,Temp: 30.90 °C  Hum: 65.30%  VOC: 97.56 kΩ
1765296678936672549,Temp: 30.89 °C  Hum: 65.29%  VOC: 98.66 kΩ
1765296680305421279,Temp: 30.89 °C  Hum: 65.29%  VOC: 98.72 kΩ
1765296681674506044,Temp: 30.89 °C  Hum: 65.28%  VOC: 98.78 kΩ
1765296683043905974,Temp: 30.89 °C  Hum: 65.27%  VOC: 98.90 kΩ
1765296684412988906,Temp: 30.89 °C  Hum: 65.25%  VOC: 98.55 kΩ
1765296685781903579,Temp: 30.89 °C  Hum: 65.26%  VOC: 98.96 kΩ
1765296687150923641,Temp: 30.89 °C  Hum: 65.25%  VOC: 98.66 kΩ
1765296688519651963,Temp: 30.90 °C  Hum: 65.25%  VOC: 98.49 kΩ
1765296689888793172,Temp: 30.90 °C  Hum: 65.25%  VOC: 98.96 kΩ
1765296691257707179,Temp: 30.90 °C  Hum: 65.23%  VOC: 99.37 kΩ
1765296692627067924,Temp: 30.90 °C  Hum: 65.24%  VOC: 98.90 kΩ
1765296693995887283,Temp: 30.90 °C  Hum: 65.22%  VOC: 98.72 kΩ
1765296695365628730,Temp: 30.90 °C  Hum: 65.20%  VOC: 99.19 kΩ
1765296696733782610,Temp: 30.89 °C  Hum: 65.22%  VOC: 99.08 kΩ
1765296698102823487,Temp: 30.89 °C  Hum: 65.22%  VOC: 99.14 kΩ
1765296699471662512,Temp: 30.89 °C  Hum: 65.23%  VOC: 99.25 kΩ
1765296700840853221,Temp: 30.88 °C  Hum: 65.24%  VOC: 99.85 kΩ
1765296702209984171,Temp: 30.88 °C  Hum: 65.24%  VOC: 99.19 kΩ
1765296703578986270,Temp: 30.88 °C  Hum: 65.24%  VOC: 99.37 kΩ
1765296704947859295,Temp: 30.88 °C  Hum: 65.24%  VOC: 99.25 kΩ
1765296706317302966,Temp: 30.88 °C  Hum: 65.23%  VOC: 99.08 kΩ
1765296707686438527,Temp: 30.88 °C  Hum: 65.23%  VOC: 99.79 kΩ
1765296709055107053,Temp: 30.87 °C  Hum: 65.24%  VOC: 99.61 kΩ
1765296710424244374,Temp: 30.87 °C  Hum: 65.24%  VOC: 99.73 kΩ
1765296711793132010,Temp: 30.87 °C  Hum: 65.23%  VOC: 99.61 kΩ
1765296713161810573,Temp: 30.87 °C  Hum: 65.23%  VOC: 99.67 kΩ
1765296714531381595,Temp: 30.86 °C  Hum: 65.24%  VOC: 99.67 kΩ
1765296715900019251,Temp: 30.85 °C  Hum: 65.25%  VOC: 99.91 kΩ
1765296717269066220,Temp: 30.85 °C  Hum: 65.25%  VOC: 99.61 kΩ
1765296718638240040,Temp: 30.84 °C  Hum: 65.27%  VOC: 99.79 kΩ
1765296720007564730,Temp: 30.84 °C  Hum: 65.28%  VOC: 100.15 kΩ
1765296721375880665,Temp: 30.84 °C  Hum: 65.28%  VOC: 99.97 kΩ
1765296722745119115,Temp: 30.84 °C  Hum: 65.28%  VOC: 99.37 kΩ
1765296724114373786,Temp: 30.84 °C  Hum: 65.28%  VOC: 99.73 kΩ
1765296725483535162,Temp: 30.84 °C  Hum: 65.29%  VOC: 100.03 kΩ
1765296726852465539,Temp: 30.83 °C  Hum: 65.28%  VOC: 100.70 kΩ
1765296728221308546,Temp: 30.83 °C  Hum: 65.30%  VOC: 99.49 kΩ
1765296729590453866,Temp: 30.82 °C  Hum: 65.30%  VOC: 100.45 kΩ
1765296730959267892,Temp: 30.82 °C  Hum: 65.31%  VOC: 100.45 kΩ
1765296732328511156,Temp: 30.81 °C  Hum: 65.29%  VOC: 100.45 kΩ
1765296733697247034,Temp: 30.81 °C  Hum: 65.31%  VOC: 100.33 kΩ
1765296735066339262,Temp: 30.81 °C  Hum: 65.33%  VOC: 100.70 kΩ
1765296736435502841,Temp: 30.81 °C  Hum: 65.35%  VOC: 100.82 kΩ
1765296737804803087,Temp: 30.81 °C  Hum: 65.35%  VOC: 101.19 kΩ
1765296739173329262,Temp: 30.81 °C  Hum: 65.33%  VOC: 100.27 kΩ
1765296740542462897,Temp: 30.80 °C  Hum: 65.32%  VOC: 100.82 kΩ
1765296741911387292,Temp: 30.80 °C  Hum: 65.33%  VOC: 100.45 kΩ
1765296743280355280,Temp: 30.80 °C  Hum: 65.33%  VOC: 99.85 kΩ
1765296744650178820,Temp: 30.81 °C  Hum: 65.33%  VOC: 99.61 kΩ
1765296746018599588,Temp: 30.81 °C  Hum: 65.31%  VOC: 100.33 kΩ
1765296747387366372,Temp: 30.81 °C  Hum: 65.30%  VOC: 100.64 kΩ
1765296748756476674,Temp: 30.80 °C  Hum: 65.31%  VOC: 100.45 kΩ
1765296750125598180,Temp: 30.80 °C  Hum: 65.29%  VOC: 99.85 kΩ
1765296751494724241,Temp: 30.80 °C  Hum: 65.31%  VOC: 100.94 kΩ
1765296752864124542,Temp: 30.80 °C  Hum: 65.29%  VOC: 100.33 kΩ
1765296754232792772,Temp: 30.80 °C  Hum: 65.31%  VOC: 100.21 kΩ
1765296755601226947,Temp: 30.80 °C  Hum: 65.29%  VOC: 100.94 kΩ
1765296756970584618,Temp: 30.80 °C  Hum: 65.29%  VOC: 100.70 kΩ
1765296758339492588,Temp: 30.80 °C  Hum: 65.26%  VOC: 100.51 kΩ
1765296759708818815,Temp: 30.80 °C  Hum: 65.25%  VOC: 101.06 kΩ
1765296761081819712,Temp: 30.80 °C  Hum: 65.25%  VOC: 101.06 kΩ
1765296762446822031,Temp: 30.79 °C  Hum: 65.26%  VOC: 101.06 kΩ
1765296763816382201,Temp: 30.79 °C  Hum: 65.25%  VOC: 101.19 kΩ
1765296765184619044,Temp: 30.79 °C  Hum: 65.25%  VOC: 100.27 kΩ
1765296766553886549,Temp: 30.80 °C  Hum: 65.22%  VOC: 100.94 kΩ
1765296767922689167,Temp: 30.80 °C  Hum: 65.23%  VOC: 100.57 kΩ
1765296769292107023,Temp: 30.80 °C  Hum: 65.20%  VOC: 100.76 kΩ
1765296770660823457,Temp: 30.80 °C  Hum: 65.19%  VOC: 100.88 kΩ
1765296772029609908,Temp: 30.80 °C  Hum: 65.19%  VOC: 100.70 kΩ
1765296773398896376,Temp: 30.80 °C  Hum: 65.18%  VOC: 101.06 kΩ
1765296774767919271,Temp: 30.81 °C  Hum: 65.17%  VOC: 100.70 kΩ
1765296776137780829,Temp: 30.81 °C  Hum: 65.17%  VOC: 101.68 kΩ
1765296777506359522,Temp: 30.81 °C  Hum: 65.13%  VOC: 101.25 kΩ
1765296778875185992,Temp: 30.81 °C  Hum: 65.12%  VOC: 101.25 kΩ
1765296780244003110,Temp: 30.81 °C  Hum: 65.11%  VOC: 101.12 kΩ
1765296781612860172,Temp: 30.80 °C  Hum: 65.10%  VOC: 101.12 kΩ
1765296782982244862,Temp: 30.80 °C  Hum: 65.10%  VOC: 101.43 kΩ
1765296784350788981,Temp: 30.79 °C  Hum: 65.11%  VOC: 101.25 kΩ
1765296785720015190,Temp: 30.79 °C  Hum: 65.10%  VOC: 101.50 kΩ
1765296787089194307,Temp: 30.79 °C  Hum: 65.10%  VOC: 100.15 kΩ
1765296788459366215,Temp: 30.79 °C  Hum: 65.10%  VOC: 100.82 kΩ
1765296789828336962,Temp: 30.79 °C  Hum: 65.09%  VOC: 101.31 kΩ
1765296791196060566,Temp: 30.79 °C  Hum: 65.10%  VOC: 101.56 kΩ
1765296792565209016,Temp: 30.79 °C  Hum: 65.10%  VOC: 101.50 kΩ
1765296793934103486,Temp: 30.79 °C  Hum: 65.08%  VOC: 101.56 kΩ
1765296795303426454,Temp: 30.79 °C  Hum: 65.07%  VOC: 101.43 kΩ
1765296796671892629,Temp: 30.79 °C  Hum: 65.07%  VOC: 101.06 kΩ
1765296798041059097,Temp: 30.79 °C  Hum: 65.04%  VOC: 100.82 kΩ
1765296799410059918,Temp: 30.79 °C  Hum: 65.04%  VOC: 101.87 kΩ
1765296800779449312,Temp: 30.79 °C  Hum: 65.04%  VOC: 101.93 kΩ
1765296802148238652,Temp: 30.80 °C  Hum: 65.04%  VOC: 101.81 kΩ
1765296803517281973,Temp: 30.80 °C  Hum: 65.04%  VOC: 101.50 kΩ
1765296804888730154,Temp: 30.80 °C  Hum: 65.02%  VOC: 101.50 kΩ
1765296806254974116,Temp: 30.80 °C  Hum: 65.00%  VOC: 101.06 kΩ
1765296807624303195,Temp: 30.80 °C  Hum: 65.02%  VOC: 101.68 kΩ
1765296808993203349,Temp: 30.80 °C  Hum: 65.00%  VOC: 101.43 kΩ
1765296810362514521,Temp: 30.80 °C  Hum: 65.00%  VOC: 101.56 kΩ
1765296811731596064,Temp: 30.80 °C  Hum: 64.99%  VOC: 101.99 kΩ
1765296813100490200,Temp: 30.79 °C  Hum: 64.97%  VOC: 102.06 kΩ
1765296814469047078,Temp: 30.79 °C  Hum: 64.98%  VOC: 101.81 kΩ
1765296815838299435,Temp: 30.79 °C  Hum: 64.98%  VOC: 101.62 kΩ
1765296817207309090,Temp: 30.79 °C  Hum: 64.98%  VOC: 101.68 kΩ
1765296818576415577,Temp: 30.79 °C  Hum: 64.97%  VOC: 102.24 kΩ
1765296819945960210,Temp: 30.79 °C  Hum: 64.97%  VOC: 101.37 kΩ
1765296821314127368,Temp: 30.79 °C  Hum: 64.96%  VOC: 101.99 kΩ
1765296822683628539,Temp: 30.79 °C  Hum: 64.96%  VOC: 101.74 kΩ
1765296824052712693,Temp: 30.79 °C  Hum: 64.97%  VOC: 101.81 kΩ
1765296825421530903,Temp: 30.79 °C  Hum: 64.96%  VOC: 101.50 kΩ
1765296826790384743,Temp: 30.78 °C  Hum: 64.96%  VOC: 101.93 kΩ
1765296828159695174,Temp: 30.78 °C  Hum: 64.96%  VOC: 101.25 kΩ
1765296829528061368,Temp: 30.78 °C  Hum: 64.95%  VOC: 102.06 kΩ
1765296830897283410,Temp: 30.79 °C  Hum: 64.95%  VOC: 100.82 kΩ
1765296832266496656,Temp: 30.79 °C  Hum: 64.95%  VOC: 101.99 kΩ
1765296833635553811,Temp: 30.79 °C  Hum: 64.94%  VOC: 101.62 kΩ
1765296835004547724,Temp: 30.79 °C  Hum: 64.94%  VOC: 101.62 kΩ
1765296836374094432,Temp: 30.79 °C  Hum: 64.94%  VOC: 102.37 kΩ
1765296837742497755,Temp: 30.79 °C  Hum: 64.94%  VOC: 102.18 kΩ
1765296839111593335,Temp: 30.79 °C  Hum: 64.94%  VOC: 101.87 kΩ
1765296840480488730,Temp: 30.79 °C  Hum: 64.94%  VOC: 101.68 kΩ
1765296841849773384,Temp: 30.79 °C  Hum: 64.96%  VOC: 101.31 kΩ
1765296843218700390,Temp: 30.79 °C  Hum: 64.93%  VOC: 101.19 kΩ
1765296844588162024,Temp: 30.79 °C  Hum: 64.95%  VOC: 101.19 kΩ
1765296845956505792,Temp: 30.79 °C  Hum: 64.96%  VOC: 101.87 kΩ
1765296847325776001,Temp: 30.79 °C  Hum: 64.98%  VOC: 101.62 kΩ
1765296848694698100,Temp: 30.79 °C  Hum: 64.96%  VOC: 101.62 kΩ
1765296850063793680,Temp: 30.79 °C  Hum: 64.96%  VOC: 101.43 kΩ
1765296851432693168,Temp: 30.80 °C  Hum: 64.96%  VOC: 101.68 kΩ
1765296852801883303,Temp: 30.80 °C  Hum: 64.96%  VOC: 100.88 kΩ
1765296854170514144,Temp: 30.80 °C  Hum: 64.95%  VOC: 100.82 kΩ
1765296855540387906,Temp: 30.80 °C  Hum: 64.93%  VOC: 100.88 kΩ
1765296856908857803,Temp: 30.81 °C  Hum: 64.93%  VOC: 100.88 kΩ
1765296858277771957,Temp: 30.81 °C  Hum: 64.94%  VOC: 101.00 kΩ
1765296859646930407,Temp: 30.81 °C  Hum: 64.93%  VOC: 100.45 kΩ
1765296861015839080,Temp: 30.82 °C  Hum: 64.94%  VOC: 100.76 kΩ
1765296862384576180,Temp: 30.82 °C  Hum: 64.92%  VOC: 100.39 kΩ
1765296863753565427,Temp: 30.82 °C  Hum: 64.92%  VOC: 100.57 kΩ
1765296865122844506,Temp: 30.82 °C  Hum: 64.91%  VOC: 100.09 kΩ
1765296866491900920,Temp: 30.83 °C  Hum: 64.90%  VOC: 99.49 kΩ
1765296867860844685,Temp: 30.83 °C  Hum: 64.90%  VOC: 99.85 kΩ
1765296869230261967,Temp: 30.83 °C  Hum: 64.87%  VOC: 99.85 kΩ
1765296870598702309,Temp: 30.83 °C  Hum: 64.91%  VOC: 99.73 kΩ
1765296871967930166,Temp: 30.83 °C  Hum: 64.91%  VOC: 99.97 kΩ
1765296873336838506,Temp: 30.83 °C  Hum: 64.90%  VOC: 99.43 kΩ
1765296874705856660,Temp: 30.84 °C  Hum: 64.89%  VOC: 100.09 kΩ
1765296876075049536,Temp: 30.84 °C  Hum: 64.88%  VOC: 99.97 kΩ
1765296877444089633,Temp: 30.84 °C  Hum: 64.88%  VOC: 100.03 kΩ
1765296878812976007,Temp: 30.84 °C  Hum: 64.87%  VOC: 99.49 kΩ
1765296880181970159,Temp: 30.85 °C  Hum: 64.85%  VOC: 99.25 kΩ
1765296881551554697,Temp: 30.85 °C  Hum: 64.86%  VOC: 98.90 kΩ
1765296882919984295,Temp: 30.85 °C  Hum: 64.85%  VOC: 98.96 kΩ
1765296884289188520,Temp: 30.85 °C  Hum: 64.84%  VOC: 98.72 kΩ
1765296885658048931,Temp: 30.85 °C  Hum: 64.84%  VOC: 99.14 kΩ
1765296887026841250,Temp: 30.85 °C  Hum: 64.84%  VOC: 98.49 kΩ
1765296888395945642,Temp: 30.86 °C  Hum: 64.84%  VOC: 98.02 kΩ
1765296889765168626,Temp: 30.86 °C  Hum: 64.85%  VOC: 98.14 kΩ
1765296891134307406,Temp: 30.86 °C  Hum: 64.84%  VOC: 98.08 kΩ
1765296892503294725,Temp: 30.86 °C  Hum: 64.83%  VOC: 98.43 kΩ
1765296893872305191,Temp: 30.86 °C  Hum: 64.83%  VOC: 98.14 kΩ
1765296895240810900,Temp: 30.87 °C  Hum: 64.81%  VOC: 98.31 kΩ
1765296896610126587,Temp: 30.87 °C  Hum: 64.82%  VOC: 97.74 kΩ
1765296897978939499,Temp: 30.87 °C  Hum: 64.81%  VOC: 95.65 kΩ
1765296899348022076,Temp: 30.87 °C  Hum: 64.82%  VOC: 7.52 kΩ
1765296900717097801,Temp: 30.87 °C  Hum: 64.82%  VOC: 5.10 kΩ
1765296902086333248,Temp: 30.87 °C  Hum: 64.81%  VOC: 5.41 kΩ
1765296903459014514,Temp: 30.87 °C  Hum: 64.85%  VOC: 6.82 kΩ
1765296904825110974,Temp: 30.87 °C  Hum: 64.89%  VOC: 7.48 kΩ
1765296906193195351,Temp: 30.87 °C  Hum: 64.91%  VOC: 7.70 kΩ
1765296907563294480,Temp: 30.88 °C  Hum: 64.97%  VOC: 8.50 kΩ
1765296908931310191,Temp: 30.88 °C  Hum: 65.02%  VOC: 9.99 kΩ
1765296910300422731,Temp: 30.88 °C  Hum: 65.02%  VOC: 10.98 kΩ
1765296911669175143,Temp: 30.88 °C  Hum: 65.03%  VOC: 11.69 kΩ
1765296913038442830,Temp: 30.88 °C  Hum: 65.04%  VOC: 11.69 kΩ
1765296914407313112,Temp: 30.88 °C  Hum: 65.02%  VOC: 11.91 kΩ
1765296915776836502,Temp: 30.88 °C  Hum: 65.00%  VOC: 11.75 kΩ
1765296917145866190,Temp: 30.88 °C  Hum: 64.99%  VOC: 11.94 kΩ
1765296918514555788,Temp: 30.88 °C  Hum: 64.97%  VOC: 12.36 kΩ
1765296919883064830,Temp: 30.88 °C  Hum: 64.95%  VOC: 12.53 kΩ
1765296921252258147,Temp: 30.88 °C  Hum: 64.94%  VOC: 13.38 kΩ
1765296922621208336,Temp: 30.88 °C  Hum: 64.94%  VOC: 14.39 kΩ
1765296923990502561,Temp: 30.88 °C  Hum: 64.92%  VOC: 14.80 kΩ
1765296925359787655,Temp: 30.88 °C  Hum: 64.92%  VOC: 14.97 kΩ
1765296926728859177,Temp: 30.88 °C  Hum: 64.90%  VOC: 15.46 kΩ
1765296928097625218,Temp: 30.88 °C  Hum: 64.88%  VOC: 16.38 kΩ
1765296929466786166,Temp: 30.88 °C  Hum: 64.87%  VOC: 16.69 kΩ
1765296930835778410,Temp: 30.89 °C  Hum: 64.87%  VOC: 17.27 kΩ
1765296932204641173,Temp: 30.89 °C  Hum: 64.85%  VOC: 17.93 kΩ
1765296933573742898,Temp: 30.89 °C  Hum: 64.84%  VOC: 18.01 kΩ
1765296934943345825,Temp: 30.89 °C  Hum: 64.83%  VOC: 17.73 kΩ
1765296936311604072,Temp: 30.89 °C  Hum: 64.82%  VOC: 17.45 kΩ
1765296937680825408,Temp: 30.89 °C  Hum: 64.82%  VOC: 17.37 kΩ
1765296939049995633,Temp: 30.89 °C  Hum: 64.80%  VOC: 17.42 kΩ
1765296940418918562,Temp: 30.89 °C  Hum: 64.79%  VOC: 17.25 kΩ
1765296941787727678,Temp: 30.90 °C  Hum: 64.81%  VOC: 17.35 kΩ
1765296943157489178,Temp: 30.90 °C  Hum: 64.80%  VOC: 17.45 kΩ
1765296944525388575,Temp: 30.90 °C  Hum: 64.78%  VOC: 17.42 kΩ
1765296945894561374,Temp: 30.90 °C  Hum: 64.79%  VOC: 17.40 kΩ
1765296947264062301,Temp: 30.90 °C  Hum: 64.79%  VOC: 17.33 kΩ
1765296948632758954,Temp: 30.90 °C  Hum: 64.77%  VOC: 17.17 kΩ
1765296950002105178,Temp: 30.90 °C  Hum: 64.77%  VOC: 17.13 kΩ
1765296951370860812,Temp: 30.91 °C  Hum: 64.76%  VOC: 17.36 kΩ
1765296952739768686,Temp: 30.91 °C  Hum: 64.77%  VOC: 17.85 kΩ
1765296954108910059,Temp: 30.91 °C  Hum: 64.77%  VOC: 18.16 kΩ
1765296955477882525,Temp: 30.91 °C  Hum: 64.77%  VOC: 18.74 kΩ
1765296956846824918,Temp: 30.91 °C  Hum: 64.78%  VOC: 19.15 kΩ
1765296958215808144,Temp: 30.91 °C  Hum: 64.79%  VOC: 19.22 kΩ
1765296959585351756,Temp: 30.92 °C  Hum: 64.79%  VOC: 19.22 kΩ
1765296960953628670,Temp: 30.92 °C  Hum: 64.79%  VOC: 19.40 kΩ
1765296962322907209,Temp: 30.92 °C  Hum: 64.79%  VOC: 20.04 kΩ
1765296963691929657,Temp: 30.92 °C  Hum: 64.79%  VOC: 20.59 kΩ
1765296965060934493,Temp: 30.92 °C  Hum: 64.77%  VOC: 21.10 kΩ
1765296966430080126,Temp: 30.92 °C  Hum: 64.77%  VOC: 21.85 kΩ
1765296967799183629,Temp: 30.92 °C  Hum: 64.79%  VOC: 22.13 kΩ
1765296969167803874,Temp: 30.92 °C  Hum: 64.79%  VOC: 21.76 kΩ
1765296970536776470,Temp: 30.92 °C  Hum: 64.78%  VOC: 21.56 kΩ
1765296971905962010,Temp: 30.93 °C  Hum: 64.78%  VOC: 21.14 kΩ
1765296973275480956,Temp: 30.92 °C  Hum: 64.77%  VOC: 21.71 kΩ
1765296974644268516,Temp: 30.92 °C  Hum: 64.76%  VOC: 22.86 kΩ
1765296976013230889,Temp: 30.92 °C  Hum: 64.77%  VOC: 23.51 kΩ
1765296977382042949,Temp: 30.93 °C  Hum: 64.78%  VOC: 23.48 kΩ
1765296978751357673,Temp: 30.93 °C  Hum: 64.78%  VOC: 23.04 kΩ
1765296980119980715,Temp: 30.93 °C  Hum: 64.78%  VOC: 22.71 kΩ
1765296981489045181,Temp: 30.93 °C  Hum: 64.76%  VOC: 23.35 kΩ
1765296982858198499,Temp: 30.93 °C  Hum: 64.74%  VOC: 23.53 kΩ
1765296984227377131,Temp: 30.93 °C  Hum: 64.76%  VOC: 23.43 kΩ
1765296985596057210,Temp: 30.93 °C  Hum: 64.73%  VOC: 23.43 kΩ
1765296986964999825,Temp: 30.94 °C  Hum: 64.72%  VOC: 23.35 kΩ
1765296988335146175,Temp: 30.94 °C  Hum: 64.72%  VOC: 24.85 kΩ
1765296989703286478,Temp: 30.94 °C  Hum: 64.70%  VOC: 26.36 kΩ
1765296991072219260,Temp: 30.94 °C  Hum: 64.72%  VOC: 27.23 kΩ
1765296992441559354,Temp: 30.93 °C  Hum: 64.72%  VOC: 28.24 kΩ
1765296993809957008,Temp: 30.93 °C  Hum: 64.74%  VOC: 28.46 kΩ
1765296995179313455,Temp: 30.93 °C  Hum: 64.76%  VOC: 27.92 kΩ
1765296996548321940,Temp: 30.93 °C  Hum: 64.73%  VOC: 28.21 kΩ
1765296997917630183,Temp: 30.94 °C  Hum: 64.73%  VOC: 28.67 kΩ
1765296999286527964,Temp: 30.94 °C  Hum: 64.70%  VOC: 28.93 kΩ
1765297000655429949,Temp: 30.94 °C  Hum: 64.68%  VOC: 28.91 kΩ
1765297002024093991,Temp: 30.94 °C  Hum: 64.67%  VOC: 29.19 kΩ
1765297003393006828,Temp: 30.94 °C  Hum: 64.66%  VOC: 28.97 kΩ
1765297004762499089,Temp: 30.94 °C  Hum: 64.67%  VOC: 28.21 kΩ
1765297006131568018,Temp: 30.94 °C  Hum: 64.66%  VOC: 26.75 kΩ
1765297007500472318,Temp: 30.94 °C  Hum: 64.65%  VOC: 26.52 kΩ
1765297008869610006,Temp: 30.94 °C  Hum: 64.66%  VOC: 26.38 kΩ
1765297010238075382,Temp: 30.95 °C  Hum: 64.66%  VOC: 26.18 kΩ
1765297011607355310,Temp: 30.95 °C  Hum: 64.67%  VOC: 25.97 kΩ
1765297012976244777,Temp: 30.95 °C  Hum: 64.67%  VOC: 27.46 kΩ
1765297014345319224,Temp: 30.95 °C  Hum: 64.67%  VOC: 28.67 kΩ
1765297015714435875,Temp: 30.95 °C  Hum: 64.68%  VOC: 28.79 kΩ
1765297017083701359,Temp: 30.95 °C  Hum: 64.67%  VOC: 28.30 kΩ
1765297018452955139,Temp: 30.96 °C  Hum: 64.68%  VOC: 27.68 kΩ
1765297019822262086,Temp: 30.96 °C  Hum: 64.69%  VOC: 27.21 kΩ
1765297021190588351,Temp: 30.96 °C  Hum: 64.69%  VOC: 27.68 kΩ
1765297022560245926,Temp: 30.96 °C  Hum: 64.69%  VOC: 27.85 kΩ
1765297023928651024,Temp: 30.96 °C  Hum: 64.68%  VOC: 27.74 kΩ
1765297025297602750,Temp: 30.97 °C  Hum: 64.69%  VOC: 27.64 kΩ
1765297026666324403,Temp: 30.97 °C  Hum: 64.69%  VOC: 27.42 kΩ
1765297028035439017,Temp: 30.97 °C  Hum: 64.68%  VOC: 26.82 kΩ
1765297029404515649,Temp: 30.97 °C  Hum: 64.68%  VOC: 26.41 kΩ
1765297030773752930,Temp: 30.97 °C  Hum: 64.68%  VOC: 26.07 kΩ
1765297032142764637,Temp: 30.98 °C  Hum: 64.68%  VOC: 25.87 kΩ
1765297033511878121,Temp: 30.98 °C  Hum: 64.68%  VOC: 25.81 kΩ
1765297034880889495,Temp: 30.98 °C  Hum: 64.68%  VOC: 25.99 kΩ
1765297036249490518,Temp: 30.98 °C  Hum: 64.70%  VOC: 26.25 kΩ
1765297037618431707,Temp: 30.98 °C  Hum: 64.69%  VOC: 26.05 kΩ
1765297038987889709,Temp: 30.98 °C  Hum: 64.69%  VOC: 25.79 kΩ
1765297040356727213,Temp: 30.99 °C  Hum: 64.69%  VOC: 25.51 kΩ
1765297041726242343,Temp: 30.99 °C  Hum: 64.68%  VOC: 25.46 kΩ
1765297043095394013,Temp: 30.99 °C  Hum: 64.69%  VOC: 25.52 kΩ
1765297044463735500,Temp: 30.99 °C  Hum: 64.68%  VOC: 25.59 kΩ
1765297045832675763,Temp: 30.99 °C  Hum: 64.71%  VOC: 25.84 kΩ
1765297047201894062,Temp: 30.99 °C  Hum: 64.70%  VOC: 26.17 kΩ
1765297048571119916,Temp: 30.99 °C  Hum: 64.69%  VOC: 26.15 kΩ
1765297049940152494,Temp: 31.00 °C  Hum: 64.69%  VOC: 26.20 kΩ
1765297051309144627,Temp: 31.00 °C  Hum: 64.70%  VOC: 25.89 kΩ
1765297052678688757,Temp: 31.00 °C  Hum: 64.71%  VOC: 25.81 kΩ
1765297054046854301,Temp: 31.00 °C  Hum: 64.70%  VOC: 25.54 kΩ
1765297055416303488,Temp: 31.00 °C  Hum: 64.69%  VOC: 25.43 kΩ
1765297056785421546,Temp: 31.00 °C  Hum: 64.67%  VOC: 25.29 kΩ
1765297058154091662,Temp: 31.01 °C  Hum: 64.69%  VOC: 24.99 kΩ
1765297059523154184,Temp: 31.01 °C  Hum: 64.69%  VOC: 25.35 kΩ
1765297060891744152,Temp: 31.01 °C  Hum: 64.68%  VOC: 25.43 kΩ
1765297062260882655,Temp: 31.01 °C  Hum: 64.69%  VOC: 25.43 kΩ
1765297063630185509,Temp: 31.01 °C  Hum: 64.68%  VOC: 25.71 kΩ
1765297064999171457,Temp: 31.02 °C  Hum: 64.67%  VOC: 25.87 kΩ
1765297066368468885,Temp: 31.02 °C  Hum: 64.68%  VOC: 26.02 kΩ
1765297067737346166,Temp: 31.02 °C  Hum: 64.68%  VOC: 26.02 kΩ
1765297069105925634,Temp: 31.02 °C  Hum: 64.68%  VOC: 26.08 kΩ
1765297070474990563,Temp: 31.02 °C  Hum: 64.68%  VOC: 26.89 kΩ
1765297071846423557,Temp: 31.02 °C  Hum: 64.69%  VOC: 27.19 kΩ
1765297073213072607,Temp: 31.03 °C  Hum: 64.69%  VOC: 27.37 kΩ
1765297074582375498,Temp: 31.03 °C  Hum: 64.68%  VOC: 27.42 kΩ
1765297075951272853,Temp: 31.03 °C  Hum: 64.70%  VOC: 27.61 kΩ
1765297077320616633,Temp: 31.03 °C  Hum: 64.69%  VOC: 27.53 kΩ
1765297078689200527,Temp: 31.03 °C  Hum: 64.69%  VOC: 27.64 kΩ
1765297080058648547,Temp: 31.03 °C  Hum: 64.69%  VOC: 27.83 kΩ
1765297081427274626,Temp: 31.03 °C  Hum: 64.69%  VOC: 27.88 kΩ
1765297082801172943,Temp: 31.03 °C  Hum: 64.69%  VOC: 28.13 kΩ
1765297084165426040,Temp: 31.03 °C  Hum: 64.71%  VOC: 28.73 kΩ
1765297085534565469,Temp: 31.04 °C  Hum: 64.72%  VOC: 29.40 kΩ
1765297086904116303,Temp: 31.04 °C  Hum: 64.73%  VOC: 29.63 kΩ
1765297088272399809,Temp: 31.04 °C  Hum: 64.75%  VOC: 30.08 kΩ
1765297089642006477,Temp: 31.04 °C  Hum: 64.76%  VOC: 30.41 kΩ
1765297091010588649,Temp: 31.04 °C  Hum: 64.75%  VOC: 30.55 kΩ
1765297092379708744,Temp: 31.04 °C  Hum: 64.76%  VOC: 30.41 kΩ
1765297093748607303,Temp: 31.04 °C  Hum: 64.76%  VOC: 30.59 kΩ
1765297095117285956,Temp: 31.04 °C  Hum: 64.77%  VOC: 30.55 kΩ
1765297096486295682,Temp: 31.05 °C  Hum: 64.77%  VOC: 30.52 kΩ
1765297097855682202,Temp: 31.05 °C  Hum: 64.77%  VOC: 30.41 kΩ
1765297099225036074,Temp: 31.05 °C  Hum: 64.77%  VOC: 30.37 kΩ
1765297100593719357,Temp: 31.05 °C  Hum: 64.76%  VOC: 30.37 kΩ
1765297101962481176,Temp: 31.05 °C  Hum: 64.75%  VOC: 30.98 kΩ
1765297103331643790,Temp: 31.05 °C  Hum: 64.74%  VOC: 31.45 kΩ
1765297104700337202,Temp: 31.05 °C  Hum: 64.72%  VOC: 31.95 kΩ
1765297106069482723,Temp: 31.05 °C  Hum: 64.71%  VOC: 32.63 kΩ
1765297107438727411,Temp: 31.05 °C  Hum: 64.70%  VOC: 32.55 kΩ
1765297108807843321,Temp: 31.05 °C  Hum: 64.70%  VOC: 32.71 kΩ
1765297110176296104,Temp: 31.05 °C  Hum: 64.69%  VOC: 33.10 kΩ
1765297111547492821,Temp: 31.05 °C  Hum: 64.68%  VOC: 33.34 kΩ
1765297112914387907,Temp: 31.05 °C  Hum: 64.68%  VOC: 33.42 kΩ
1765297114283825890,Temp: 31.05 °C  Hum: 64.66%  VOC: 33.80 kΩ
1765297115652691968,Temp: 31.05 °C  Hum: 64.63%  VOC: 34.55 kΩ
1765297117021955563,Temp: 31.05 °C  Hum: 64.63%  VOC: 35.23 kΩ
1765297118390735734,Temp: 31.05 °C  Hum: 64.61%  VOC: 35.41 kΩ
1765297119759683126,Temp: 31.05 °C  Hum: 64.59%  VOC: 36.02 kΩ
1765297121128876666,Temp: 31.04 °C  Hum: 64.57%  VOC: 36.40 kΩ
1765297122497851021,Temp: 31.04 °C  Hum: 64.57%  VOC: 36.78 kΩ
1765297123866692359,Temp: 31.04 °C  Hum: 64.55%  VOC: 37.15 kΩ
1765297125235985565,Temp: 31.04 °C  Hum: 64.54%  VOC: 37.51 kΩ
1765297126605821083,Temp: 31.04 °C  Hum: 64.55%  VOC: 37.79 kΩ
1765297127973696332,Temp: 31.04 °C  Hum: 64.54%  VOC: 37.99 kΩ
1765297129343064537,Temp: 31.04 °C  Hum: 64.55%  VOC: 38.27 kΩ
1765297130712092744,Temp: 31.04 °C  Hum: 64.53%  VOC: 38.27 kΩ
1765297132080940952,Temp: 31.04 °C  Hum: 64.53%  VOC: 38.56 kΩ
1765297133450117344,Temp: 31.04 °C  Hum: 64.52%  VOC: 38.42 kΩ
1765297134818720904,Temp: 31.05 °C  Hum: 64.53%  VOC: 38.27 kΩ
1765297136187943076,Temp: 31.05 °C  Hum: 64.54%  VOC: 38.03 kΩ
1765297137557247106,Temp: 31.05 °C  Hum: 64.55%  VOC: 38.03 kΩ
1765297138926068547,Temp: 31.05 °C  Hum: 64.56%  VOC: 38.56 kΩ
1765297140294955894,Temp: 31.05 °C  Hum: 64.59%  VOC: 38.56 kΩ
1765297141664158406,Temp: 31.05 °C  Hum: 64.59%  VOC: 38.42 kΩ
1765297143032626516,Temp: 31.05 °C  Hum: 64.60%  VOC: 38.38 kΩ
1765297144402251803,Temp: 31.06 °C  Hum: 64.60%  VOC: 38.20 kΩ
1765297145771486778,Temp: 31.06 °C  Hum: 64.60%  VOC: 38.13 kΩ
1765297147140093609,Temp: 31.06 °C  Hum: 64.61%  VOC: 37.96 kΩ
1765297148509206066,Temp: 31.06 °C  Hum: 64.60%  VOC: 38.03 kΩ
1765297149878137969,Temp: 31.06 °C  Hum: 64.60%  VOC: 38.70 kΩ
1765297151246914280,Temp: 31.06 °C  Hum: 64.59%  VOC: 39.06 kΩ
1765297152615766813,Temp: 31.06 °C  Hum: 64.60%  VOC: 38.92 kΩ
1765297153985031028,Temp: 31.07 °C  Hum: 64.58%  VOC: 39.03 kΩ
1765297155353949357,Temp: 31.07 °C  Hum: 64.59%  VOC: 38.92 kΩ
1765297156723238313,Temp: 31.07 °C  Hum: 64.58%  VOC: 39.14 kΩ
1765297158092590584,Temp: 31.07 °C  Hum: 64.59%  VOC: 38.74 kΩ
1765297159461099341,Temp: 31.07 °C  Hum: 64.57%  VOC: 38.74 kΩ
1765297160830284780,Temp: 31.07 °C  Hum: 64.59%  VOC: 38.88 kΩ
1765297162199343756,Temp: 31.08 °C  Hum: 64.59%  VOC: 38.59 kΩ
1765297163568144918,Temp: 31.08 °C  Hum: 64.59%  VOC: 38.63 kΩ
1765297164937085136,Temp: 31.08 °C  Hum: 64.58%  VOC: 38.49 kΩ
1765297166306345463,Temp: 31.08 °C  Hum: 64.59%  VOC: 38.56 kΩ
1765297167674764702,Temp: 31.08 °C  Hum: 64.61%  VOC: 38.38 kΩ
1765297169044191435,Temp: 31.08 °C  Hum: 64.59%  VOC: 38.49 kΩ
1765297170413256059,Temp: 31.09 °C  Hum: 64.58%  VOC: 38.52 kΩ
1765297171782377739,Temp: 31.09 °C  Hum: 64.59%  VOC: 38.20 kΩ
1765297173151328160,Temp: 31.09 °C  Hum: 64.60%  VOC: 38.34 kΩ
1765297174520274229,Temp: 31.09 °C  Hum: 64.58%  VOC: 38.17 kΩ
1765297175889380501,Temp: 31.09 °C  Hum: 64.59%  VOC: 38.38 kΩ
1765297177259070696,Temp: 31.10 °C  Hum: 64.59%  VOC: 38.06 kΩ
1765297178627184992,Temp: 31.10 °C  Hum: 64.56%  VOC: 38.13 kΩ
1765297179996145914,Temp: 31.10 °C  Hum: 64.57%  VOC: 37.92 kΩ
1765297181367317099,Temp: 31.10 °C  Hum: 64.56%  VOC: 37.92 kΩ
1765297182734936769,Temp: 31.10 °C  Hum: 64.58%  VOC: 37.92 kΩ
1765297184103263231,Temp: 31.10 °C  Hum: 64.59%  VOC: 38.06 kΩ
1765297185472314615,Temp: 31.11 °C  Hum: 64.56%  VOC: 38.03 kΩ
1765297186841548238,Temp: 31.11 °C  Hum: 64.57%  VOC: 37.92 kΩ
1765297188210508159,Temp: 31.11 °C  Hum: 64.56%  VOC: 37.79 kΩ
1765297189579562450,Temp: 31.11 °C  Hum: 64.57%  VOC: 37.89 kΩ
1765297190948465038,Temp: 31.11 °C  Hum: 64.55%  VOC: 37.82 kΩ
1765297192317797901,Temp: 31.11 °C  Hum: 64.56%  VOC: 37.99 kΩ
1765297193687705373,Temp: 31.11 °C  Hum: 64.57%  VOC: 37.96 kΩ
1765297195056044186,Temp: 31.11 °C  Hum: 64.55%  VOC: 38.06 kΩ
1765297196424368204,Temp: 31.12 °C  Hum: 64.56%  VOC: 37.79 kΩ
1765297197794607895,Temp: 31.12 °C  Hum: 64.55%  VOC: 37.89 kΩ
1765297199163465409,Temp: 31.12 °C  Hum: 64.55%  VOC: 38.24 kΩ
1765297200531763945,Temp: 31.12 °C  Hum: 64.53%  VOC: 38.34 kΩ
1765297201900202129,Temp: 31.12 °C  Hum: 64.53%  VOC: 38.31 kΩ
1765297203269490178,Temp: 31.12 °C  Hum: 64.50%  VOC: 38.38 kΩ
1765297204638752782,Temp: 31.13 °C  Hum: 64.52%  VOC: 38.34 kΩ
1765297206007546797,Temp: 31.13 °C  Hum: 64.49%  VOC: 38.59 kΩ
1765297207377008363,Temp: 31.13 °C  Hum: 64.47%  VOC: 38.77 kΩ
1765297208745808137,Temp: 31.13 °C  Hum: 64.45%  VOC: 39.06 kΩ
1765297210114571060,Temp: 31.13 °C  Hum: 64.44%  VOC: 39.14 kΩ
1765297211483454426,Temp: 31.13 °C  Hum: 64.43%  VOC: 39.29 kΩ
1765297212853136898,Temp: 31.13 °C  Hum: 64.44%  VOC: 39.14 kΩ
1765297214221629433,Temp: 31.13 °C  Hum: 64.42%  VOC: 39.06 kΩ
1765297215590816557,Temp: 31.13 °C  Hum: 64.43%  VOC: 39.21 kΩ
1765297216960013310,Temp: 31.14 °C  Hum: 64.41%  VOC: 39.21 kΩ
1765297218328296790,Temp: 31.14 °C  Hum: 64.41%  VOC: 39.14 kΩ
1765297219697564654,Temp: 31.14 °C  Hum: 64.41%  VOC: 39.25 kΩ
1765297221066480872,Temp: 31.14 °C  Hum: 64.40%  VOC: 39.32 kΩ
1765297222435998716,Temp: 31.14 °C  Hum: 64.40%  VOC: 39.47 kΩ
1765297223804725101,Temp: 31.14 °C  Hum: 64.39%  VOC: 38.99 kΩ
1765297225173998131,Temp: 31.15 °C  Hum: 64.41%  VOC: 39.10 kΩ
1765297226542812739,Temp: 31.15 °C  Hum: 64.40%  VOC: 39.36 kΩ
1765297227911790104,Temp: 31.15 °C  Hum: 64.38%  VOC: 39.17 kΩ
1765297229282023203,Temp: 31.15 °C  Hum: 64.39%  VOC: 39.47 kΩ
1765297230651970285,Temp: 31.15 °C  Hum: 64.38%  VOC: 39.36 kΩ
1765297232018978421,Temp: 31.15 °C  Hum: 64.39%  VOC: 39.47 kΩ
1765297233389861942,Temp: 31.15 °C  Hum: 64.37%  VOC: 39.47 kΩ
1765297234757029151,Temp: 31.15 °C  Hum: 64.38%  VOC: 39.51 kΩ
1765297236125597260,Temp: 31.16 °C  Hum: 64.36%  VOC: 39.21 kΩ
1765297237494813050,Temp: 31.16 °C  Hum: 64.37%  VOC: 39.70 kΩ
1765297238864095729,Temp: 31.16 °C  Hum: 64.36%  VOC: 39.51 kΩ
1765297240233021909,Temp: 31.16 °C  Hum: 64.36%  VOC: 39.55 kΩ
1765297241602442291,Temp: 31.16 °C  Hum: 64.36%  VOC: 39.66 kΩ
1765297242970909566,Temp: 31.16 °C  Hum: 64.35%  VOC: 39.59 kΩ
1765297244340893222,Temp: 31.16 °C  Hum: 64.35%  VOC: 39.89 kΩ
1765297245709275739,Temp: 31.17 °C  Hum: 64.35%  VOC: 39.59 kΩ
1765297247078011440,Temp: 31.17 °C  Hum: 64.34%  VOC: 39.85 kΩ
1765297248448972071,Temp: 31.17 °C  Hum: 64.35%  VOC: 39.81 kΩ
1765297249816270224,Temp: 31.17 °C  Hum: 64.35%  VOC: 40.04 kΩ
1765297251185011980,Temp: 31.17 °C  Hum: 64.33%  VOC: 39.85 kΩ
1765297252554166307,Temp: 31.17 °C  Hum: 64.35%  VOC: 39.81 kΩ
1765297253927058391,Temp: 31.17 °C  Hum: 64.33%  VOC: 40.00 kΩ
1765297255292196797,Temp: 31.18 °C  Hum: 64.33%  VOC: 39.89 kΩ
1765297256661424958,Temp: 31.18 °C  Hum: 64.33%  VOC: 40.16 kΩ
1765297258040057007,Temp: 31.18 °C  Hum: 64.34%  VOC: 40.20 kΩ
1765297259398793247,Temp: 31.18 °C  Hum: 64.31%  VOC: 40.20 kΩ
1765297260768057463,Temp: 31.18 °C  Hum: 64.33%  VOC: 40.31 kΩ
1765297262136896866,Temp: 31.18 °C  Hum: 64.31%  VOC: 39.89 kΩ
1765297263506254582,Temp: 31.18 °C  Hum: 64.33%  VOC: 40.16 kΩ
1765297264875206614,Temp: 31.18 °C  Hum: 64.32%  VOC: 40.24 kΩ
1765297266244338367,Temp: 31.18 °C  Hum: 64.31%  VOC: 40.35 kΩ
1765297267612915365,Temp: 31.19 °C  Hum: 64.29%  VOC: 40.55 kΩ
1765297268982345709,Temp: 31.19 °C  Hum: 64.29%  VOC: 40.71 kΩ
1765297270351068743,Temp: 31.19 °C  Hum: 64.25%  VOC: 41.15 kΩ
1765297271720338384,Temp: 31.19 °C  Hum: 64.24%  VOC: 41.40 kΩ
1765297273089247639,Temp: 31.19 °C  Hum: 64.21%  VOC: 41.31 kΩ
1765297274458406115,Temp: 31.19 °C  Hum: 64.21%  VOC: 41.52 kΩ
1765297275828650158,Temp: 31.19 °C  Hum: 64.21%  VOC: 41.60 kΩ
1765297277196175976,Temp: 31.19 °C  Hum: 64.21%  VOC: 42.07 kΩ
1765297278567686753,Temp: 31.19 °C  Hum: 64.20%  VOC: 41.77 kΩ
1765297279934262429,Temp: 31.19 °C  Hum: 64.21%  VOC: 41.81 kΩ
1765297281305566558,Temp: 31.19 °C  Hum: 64.22%  VOC: 41.90 kΩ
1765297282672366399,Temp: 31.19 °C  Hum: 64.20%  VOC: 42.15 kΩ
1765297284041271710,Temp: 31.19 °C  Hum: 64.22%  VOC: 41.94 kΩ
1765297285410332760,Temp: 31.20 °C  Hum: 64.21%  VOC: 42.11 kΩ
1765297286779300366,Temp: 31.20 °C  Hum: 64.19%  VOC: 42.32 kΩ
1765297288148483286,Temp: 31.20 °C  Hum: 64.20%  VOC: 42.32 kΩ
1765297289517437318,Temp: 31.20 °C  Hum: 64.18%  VOC: 42.32 kΩ
1765297290888402246,Temp: 31.20 °C  Hum: 64.18%  VOC: 42.37 kΩ
1765297292256664727,Temp: 31.20 °C  Hum: 64.18%  VOC: 42.41 kΩ
1765297293624928671,Temp: 31.20 °C  Hum: 64.20%  VOC: 42.67 kΩ
1765297294993352039,Temp: 31.20 °C  Hum: 64.17%  VOC: 42.94 kΩ
1765297296362580626,Temp: 31.20 °C  Hum: 64.15%  VOC: 43.16 kΩ
1765297297731716879,Temp: 31.20 °C  Hum: 64.14%  VOC: 43.29 kΩ
1765297299100783781,Temp: 31.20 °C  Hum: 64.14%  VOC: 43.34 kΩ
1765297300470607419,Temp: 31.21 °C  Hum: 64.12%  VOC: 43.61 kΩ
1765297301838702605,Temp: 31.21 °C  Hum: 64.12%  VOC: 43.75 kΩ
1765297303207701359,Temp: 31.21 °C  Hum: 64.12%  VOC: 43.56 kΩ
1765297304579142821,Temp: 31.21 °C  Hum: 64.12%  VOC: 44.12 kΩ
1765297305945781867,Temp: 31.21 °C  Hum: 64.12%  VOC: 44.03 kΩ
1765297307314660603,Temp: 31.21 °C  Hum: 64.11%  VOC: 43.98 kΩ
1765297308683873541,Temp: 31.21 °C  Hum: 64.11%  VOC: 43.79 kΩ
1765297310052357039,Temp: 31.21 °C  Hum: 64.11%  VOC: 44.07 kΩ
1765297311424016500,Temp: 31.21 °C  Hum: 64.10%  VOC: 44.50 kΩ
1765297312790895711,Temp: 31.21 °C  Hum: 64.10%  VOC: 44.59 kΩ
1765297314159864688,Temp: 31.21 °C  Hum: 64.11%  VOC: 44.40 kΩ
1765297315528986608,Temp: 31.21 °C  Hum: 64.10%  VOC: 44.35 kΩ
1765297316897321459,Temp: 31.22 °C  Hum: 64.09%  VOC: 44.50 kΩ
1765297318266703729,Temp: 31.22 °C  Hum: 64.11%  VOC: 44.74 kΩ
1765297319635418930,Temp: 31.22 °C  Hum: 64.11%  VOC: 44.64 kΩ
1765297321004704645,Temp: 31.22 °C  Hum: 64.10%  VOC: 44.64 kΩ
1765297322373793584,Temp: 31.22 °C  Hum: 64.09%  VOC: 44.88 kΩ
1765297323745271565,Temp: 31.22 °C  Hum: 64.09%  VOC: 44.74 kΩ
1765297325112169461,Temp: 31.22 °C  Hum: 64.09%  VOC: 44.78 kΩ
1765297326480646811,Temp: 31.22 °C  Hum: 64.08%  VOC: 44.74 kΩ
1765297327850044359,Temp: 31.22 °C  Hum: 64.11%  VOC: 44.78 kΩ
1765297329221748597,Temp: 31.22 °C  Hum: 64.07%  VOC: 44.88 kΩ
1765297330587968960,Temp: 31.23 °C  Hum: 64.07%  VOC: 44.98 kΩ
1765297331956882178,Temp: 31.23 °C  Hum: 64.08%  VOC: 44.93 kΩ
1765297333325509360,Temp: 31.23 °C  Hum: 64.07%  VOC: 44.93 kΩ
1765297334694428652,Temp: 31.23 °C  Hum: 64.07%  VOC: 45.12 kΩ
1765297336063654609,Temp: 31.23 °C  Hum: 64.07%  VOC: 45.22 kΩ
1765297337433362785,Temp: 31.23 °C  Hum: 64.05%  VOC: 45.17 kΩ
1765297338801960226,Temp: 31.23 °C  Hum: 64.05%  VOC: 45.32 kΩ
1765297340171052110,Temp: 31.23 °C  Hum: 64.05%  VOC: 45.37 kΩ
1765297341539517200,Temp: 31.23 °C  Hum: 64.05%  VOC: 45.67 kΩ
1765297342908816157,Temp: 31.23 °C  Hum: 64.05%  VOC: 45.77 kΩ
1765297344278009558,Temp: 31.23 °C  Hum: 64.05%  VOC: 45.67 kΩ
1765297345646961646,Temp: 31.23 °C  Hum: 64.05%  VOC: 45.87 kΩ
1765297347016008270,Temp: 31.24 °C  Hum: 64.04%  VOC: 45.57 kΩ
1765297348384999543,Temp: 31.24 °C  Hum: 64.04%  VOC: 45.82 kΩ
1765297349753520411,Temp: 31.24 °C  Hum: 64.05%  VOC: 45.77 kΩ
1765297351122991607,Temp: 31.24 °C  Hum: 64.04%  VOC: 46.17 kΩ
1765297352493151799,Temp: 31.24 °C  Hum: 64.04%  VOC: 46.02 kΩ
1765297353862274811,Temp: 31.24 °C  Hum: 64.04%  VOC: 46.17 kΩ
1765297355229936259,Temp: 31.24 °C  Hum: 64.04%  VOC: 45.92 kΩ
1765297356599224752,Temp: 31.24 °C  Hum: 64.03%  VOC: 46.07 kΩ
1765297357967683306,Temp: 31.25 °C  Hum: 64.02%  VOC: 46.07 kΩ
1765297359338450920,Temp: 31.25 °C  Hum: 64.00%  VOC: 45.97 kΩ
1765297360706061145,Temp: 31.25 °C  Hum: 64.01%  VOC: 46.07 kΩ
1765297362075207158,Temp: 31.25 °C  Hum: 64.02%  VOC: 45.97 kΩ
1765297363444159542,Temp: 31.25 °C  Hum: 64.02%  VOC: 46.49 kΩ
1765297364813144111,Temp: 31.25 °C  Hum: 64.02%  VOC: 46.07 kΩ
1765297366181942922,Temp: 31.25 °C  Hum: 64.02%  VOC: 46.23 kΩ
1765297367550972972,Temp: 31.25 °C  Hum: 64.01%  VOC: 46.49 kΩ
1765297368920156336,Temp: 31.25 °C  Hum: 64.02%  VOC: 46.54 kΩ
1765297370291248801,Temp: 31.25 °C  Hum: 64.02%  VOC: 46.28 kΩ
1765297371658132993,Temp: 31.25 °C  Hum: 64.01%  VOC: 46.69 kΩ
1765297373027331191,Temp: 31.25 °C  Hum: 64.00%  VOC: 46.59 kΩ
1765297374396372556,Temp: 31.25 °C  Hum: 64.01%  VOC: 46.59 kΩ
1765297375765536254,Temp: 31.26 °C  Hum: 63.99%  VOC: 47.06 kΩ
1765297377135658297,Temp: 31.26 °C  Hum: 63.98%  VOC: 47.28 kΩ
1765297378503171968,Temp: 31.26 °C  Hum: 63.99%  VOC: 47.22 kΩ
1765297379873005902,Temp: 31.26 °C  Hum: 63.98%  VOC: 47.17 kΩ
1765297381241253605,Temp: 31.26 °C  Hum: 63.96%  VOC: 47.22 kΩ
1765297382610556191,Temp: 31.26 °C  Hum: 63.98%  VOC: 47.27 kΩ
1765297383979066059,Temp: 31.26 °C  Hum: 63.99%  VOC: 47.17 kΩ
1765297385348222220,Temp: 31.26 °C  Hum: 63.99%  VOC: 47.27 kΩ
1765297386719374239,Temp: 31.26 °C  Hum: 63.99%  VOC: 47.38 kΩ
1765297388087362500,Temp: 31.26 °C  Hum: 63.97%  VOC: 47.60 kΩ
1765297389455501500,Temp: 31.26 °C  Hum: 63.97%  VOC: 47.82 kΩ
1765297390824868492,Temp: 31.26 °C  Hum: 63.97%  VOC: 47.74 kΩ
1765297392193212825,Temp: 31.27 °C  Hum: 63.99%  VOC: 48.07 kΩ
1765297393563206388,Temp: 31.27 °C  Hum: 63.97%  VOC: 47.98 kΩ
1765297394931401387,Temp: 31.27 °C  Hum: 63.95%  VOC: 47.98 kΩ
1765297396301729967,Temp: 31.27 °C  Hum: 63.96%  VOC: 47.85 kΩ
1765297397671290996,Temp: 31.27 °C  Hum: 63.97%  VOC: 48.01 kΩ
1765297399038741981,Temp: 31.27 °C  Hum: 63.97%  VOC: 48.04 kΩ
1765297400407428423,Temp: 31.27 °C  Hum: 63.97%  VOC: 47.85 kΩ
1765297401776330585,Temp: 31.27 °C  Hum: 63.97%  VOC: 48.04 kΩ
1765297403147196458,Temp: 31.27 °C  Hum: 63.97%  VOC: 48.09 kΩ
1765297404514726869,Temp: 31.27 °C  Hum: 63.97%  VOC: 48.18 kΩ
1765297405883653253,Temp: 31.27 °C  Hum: 63.99%  VOC: 47.82 kΩ
1765297407255374528,Temp: 31.28 °C  Hum: 63.97%  VOC: 48.04 kΩ
1765297408621186542,Temp: 31.28 °C  Hum: 63.97%  VOC: 48.32 kΩ
1765297409990474535,Temp: 31.28 °C  Hum: 63.98%  VOC: 48.40 kΩ
1765297411359772103,Temp: 31.28 °C  Hum: 63.97%  VOC: 48.26 kΩ
1765297412728595599,Temp: 31.28 °C  Hum: 63.96%  VOC: 48.07 kΩ
1765297414099562730,Temp: 31.28 °C  Hum: 63.96%  VOC: 48.21 kΩ
1765297415466783680,Temp: 31.28 °C  Hum: 63.97%  VOC: 48.23 kΩ
1765297416835879045,Temp: 31.28 °C  Hum: 63.96%  VOC: 48.21 kΩ
1765297418204794540,Temp: 31.28 °C  Hum: 63.96%  VOC: 48.60 kΩ
1765297419573618981,Temp: 31.28 °C  Hum: 63.96%  VOC: 48.23 kΩ
1765297420942507291,Temp: 31.29 °C  Hum: 63.96%  VOC: 48.40 kΩ
1765297422311833636,Temp: 31.29 °C  Hum: 63.96%  VOC: 48.43 kΩ
1765297423680787613,Temp: 31.29 °C  Hum: 63.95%  VOC: 48.46 kΩ
1765297425049529387,Temp: 31.29 °C  Hum: 63.94%  VOC: 48.46 kΩ
1765297426418730344,Temp: 31.29 °C  Hum: 63.95%  VOC: 48.52 kΩ
1765297427789668864,Temp: 31.29 °C  Hum: 63.94%  VOC: 48.49 kΩ
1765297429157799068,Temp: 31.29 °C  Hum: 63.94%  VOC: 48.77 kΩ
1765297430525920216,Temp: 31.29 °C  Hum: 63.94%  VOC: 48.74 kΩ
1765297431894950674,Temp: 31.29 °C  Hum: 63.94%  VOC: 48.66 kΩ
1765297433263566116,Temp: 31.29 °C  Hum: 63.95%  VOC: 48.63 kΩ
1765297434632768184,Temp: 31.30 °C  Hum: 63.94%  VOC: 48.83 kΩ
1765297436001717438,Temp: 31.30 °C  Hum: 63.93%  VOC: 48.89 kΩ
1765297437370941895,Temp: 31.30 °C  Hum: 63.94%  VOC: 48.83 kΩ
1765297438740055519,Temp: 31.30 °C  Hum: 63.92%  VOC: 48.83 kΩ
1765297440109352253,Temp: 31.30 °C  Hum: 63.92%  VOC: 48.83 kΩ
1765297441477614196,Temp: 31.30 °C  Hum: 63.93%  VOC: 49.12 kΩ
1765297442846804968,Temp: 31.30 °C  Hum: 63.93%  VOC: 48.66 kΩ
1765297444215900444,Temp: 31.30 °C  Hum: 63.94%  VOC: 49.26 kΩ
1765297445584842643,Temp: 31.30 °C  Hum: 63.91%  VOC: 49.03 kΩ
1765297446953927174,Temp: 31.30 °C  Hum: 63.92%  VOC: 49.00 kΩ
1765297448325276970,Temp: 31.30 °C  Hum: 63.88%  VOC: 49.15 kΩ
1765297449691837350,Temp: 31.30 °C  Hum: 63.88%  VOC: 49.21 kΩ
1765297451060963678,Temp: 31.30 °C  Hum: 63.87%  VOC: 49.35 kΩ
1765297452430038783,Temp: 31.30 °C  Hum: 63.87%  VOC: 49.56 kΩ
1765297453799121241,Temp: 31.31 °C  Hum: 63.86%  VOC: 49.56 kΩ
1765297455168068866,Temp: 31.31 °C  Hum: 63.86%  VOC: 49.41 kΩ
1765297456537110527,Temp: 31.31 °C  Hum: 63.85%  VOC: 49.47 kΩ
1765297457905930116,Temp: 31.31 °C  Hum: 63.84%  VOC: 49.71 kΩ
1765297459275006314,Temp: 31.31 °C  Hum: 63.84%  VOC: 49.53 kΩ
1765297460644135401,Temp: 31.31 °C  Hum: 63.81%  VOC: 49.97 kΩ
1765297462013203247,Temp: 31.31 °C  Hum: 63.79%  VOC: 49.79 kΩ
1765297463382060446,Temp: 31.31 °C  Hum: 63.82%  VOC: 50.06 kΩ
1765297464751188681,Temp: 31.31 °C  Hum: 63.81%  VOC: 50.06 kΩ
1765297466119867012,Temp: 31.31 °C  Hum: 63.80%  VOC: 50.12 kΩ
1765297467488916210,Temp: 31.31 °C  Hum: 63.78%  VOC: 50.46 kΩ
1765297468857948742,Temp: 31.31 °C  Hum: 63.78%  VOC: 50.46 kΩ
1765297470227571659,Temp: 31.31 °C  Hum: 63.77%  VOC: 50.25 kΩ
1765297471596238489,Temp: 31.31 °C  Hum: 63.78%  VOC: 50.12 kΩ
1765297472965502149,Temp: 31.31 °C  Hum: 63.77%  VOC: 50.28 kΩ
1765297474334071313,Temp: 31.31 °C  Hum: 63.78%  VOC: 50.31 kΩ
1765297475703297992,Temp: 31.32 °C  Hum: 63.77%  VOC: 50.34 kΩ
1765297477072160636,Temp: 31.32 °C  Hum: 63.77%  VOC: 50.67 kΩ
1765297478441126391,Temp: 31.32 °C  Hum: 63.76%  VOC: 50.61 kΩ
1765297479810378569,Temp: 31.32 °C  Hum: 63.75%  VOC: 50.95 kΩ
1765297481179393897,Temp: 31.32 °C  Hum: 63.73%  VOC: 50.74 kΩ
1765297482548126098,Temp: 31.32 °C  Hum: 63.75%  VOC: 50.99 kΩ
1765297483917393647,Temp: 31.32 °C  Hum: 63.74%  VOC: 50.86 kΩ
1765297485286693695,Temp: 31.32 °C  Hum: 63.75%  VOC: 50.74 kΩ
1765297486655366359,Temp: 31.32 °C  Hum: 63.74%  VOC: 51.17 kΩ
1765297488024320521,Temp: 31.32 °C  Hum: 63.75%  VOC: 51.24 kΩ
1765297489393531478,Temp: 31.32 °C  Hum: 63.76%  VOC: 51.08 kΩ
1765297490762540084,Temp: 31.32 °C  Hum: 63.77%  VOC: 51.08 kΩ
1765297492131423246,Temp: 31.32 °C  Hum: 63.77%  VOC: 51.17 kΩ
1765297493500388241,Temp: 31.32 °C  Hum: 63.77%  VOC: 51.24 kΩ
1765297494869459921,Temp: 31.32 °C  Hum: 63.75%  VOC: 51.43 kΩ
1765297496238718025,Temp: 31.32 °C  Hum: 63.76%  VOC: 51.17 kΩ
1765297497609534343,Temp: 31.33 °C  Hum: 63.78%  VOC: 51.27 kΩ
1765297498976089834,Temp: 31.33 °C  Hum: 63.77%  VOC: 51.40 kΩ
1765297500345321068,Temp: 31.33 °C  Hum: 63.75%  VOC: 51.33 kΩ
1765297501714263489,Temp: 31.33 °C  Hum: 63.76%  VOC: 51.43 kΩ
1765297503083435761,Temp: 31.33 °C  Hum: 63.76%  VOC: 51.46 kΩ
1765297504452759032,Temp: 31.33 °C  Hum: 63.74%  VOC: 51.55 kΩ
1765297505823590331,Temp: 31.33 °C  Hum: 63.74%  VOC: 51.55 kΩ
1765297507190355450,Temp: 31.33 °C  Hum: 63.73%  VOC: 51.55 kΩ
1765297508559644499,Temp: 31.33 °C  Hum: 63.75%  VOC: 51.62 kΩ
1765297509928389681,Temp: 31.33 °C  Hum: 63.74%  VOC: 51.68 kΩ
1765297511298340207,Temp: 31.33 °C  Hum: 63.74%  VOC: 51.65 kΩ
1765297512666602040,Temp: 31.33 °C  Hum: 63.74%  VOC: 52.04 kΩ
1765297514035739478,Temp: 31.33 °C  Hum: 63.73%  VOC: 51.94 kΩ
1765297515405434765,Temp: 31.33 °C  Hum: 63.72%  VOC: 51.78 kΩ
1765297516773421822,Temp: 31.34 °C  Hum: 63.72%  VOC: 52.27 kΩ
1765297518142791592,Temp: 31.34 °C  Hum: 63.71%  VOC: 52.01 kΩ
1765297519511687718,Temp: 31.34 °C  Hum: 63.72%  VOC: 52.07 kΩ
1765297520881121691,Temp: 31.34 °C  Hum: 63.70%  VOC: 52.01 kΩ
1765297522249776800,Temp: 31.34 °C  Hum: 63.70%  VOC: 51.97 kΩ
1765297523618328945,Temp: 31.34 °C  Hum: 63.68%  VOC: 51.91 kΩ
1765297524987817160,Temp: 31.34 °C  Hum: 63.70%  VOC: 52.27 kΩ
1765297526356575526,Temp: 31.34 °C  Hum: 63.71%  VOC: 52.10 kΩ
1765297527725543707,Temp: 31.34 °C  Hum: 63.70%  VOC: 52.33 kΩ
1765297529094895051,Temp: 31.34 °C  Hum: 63.70%  VOC: 52.17 kΩ
1765297530463778621,Temp: 31.34 °C  Hum: 63.72%  VOC: 52.57 kΩ
1765297531832587765,Temp: 31.35 °C  Hum: 63.71%  VOC: 52.43 kΩ
1765297533202120109,Temp: 31.35 °C  Hum: 63.70%  VOC: 52.30 kΩ
1765297534570675755,Temp: 31.35 °C  Hum: 63.70%  VOC: 52.27 kΩ
1765297535941805626,Temp: 31.35 °C  Hum: 63.70%  VOC: 52.63 kΩ
1765297537308848559,Temp: 31.35 °C  Hum: 63.68%  VOC: 52.33 kΩ
1765297538677935553,Temp: 31.35 °C  Hum: 63.71%  VOC: 52.57 kΩ
1765297540046441958,Temp: 31.35 °C  Hum: 63.71%  VOC: 52.87 kΩ
1765297541415955691,Temp: 31.35 °C  Hum: 63.69%  VOC: 52.73 kΩ
1765297542784826316,Temp: 31.35 °C  Hum: 63.68%  VOC: 52.63 kΩ
1765297544153963607,Temp: 31.35 °C  Hum: 63.67%  VOC: 52.80 kΩ
1765297545522889880,Temp: 31.35 °C  Hum: 63.67%  VOC: 52.80 kΩ
1765297546891814246,Temp: 31.35 °C  Hum: 63.65%  VOC: 52.77 kΩ
1765297548260840203,Temp: 31.35 °C  Hum: 63.65%  VOC: 53.14 kΩ
1765297549629638959,Temp: 31.35 °C  Hum: 63.64%  VOC: 52.93 kΩ
1765297550998870971,Temp: 31.35 °C  Hum: 63.65%  VOC: 53.10 kΩ
1765297552367888373,Temp: 31.35 °C  Hum: 63.65%  VOC: 52.87 kΩ
1765297553737342532,Temp: 31.35 °C  Hum: 63.65%  VOC: 53.03 kΩ
1765297555106251417,Temp: 31.35 °C  Hum: 63.64%  VOC: 53.00 kΩ
1765297556475198264,Temp: 31.36 °C  Hum: 63.66%  VOC: 53.20 kΩ
1765297557844361832,Temp: 31.36 °C  Hum: 63.66%  VOC: 53.07 kΩ
1765297559214307951,Temp: 31.36 °C  Hum: 63.63%  VOC: 53.44 kΩ
1765297560581962157,Temp: 31.36 °C  Hum: 63.63%  VOC: 53.69 kΩ
1765297561950975319,Temp: 31.36 °C  Hum: 63.60%  VOC: 53.62 kΩ
1765297563320129220,Temp: 31.35 °C  Hum: 63.57%  VOC: 53.82 kΩ
1765297564689154030,Temp: 31.35 °C  Hum: 63.59%  VOC: 54.28 kΩ
1765297566058198969,Temp: 31.35 °C  Hum: 63.59%  VOC: 54.25 kΩ
1765297567427065298,Temp: 31.35 °C  Hum: 63.59%  VOC: 54.39 kΩ
1765297568797283101,Temp: 31.36 °C  Hum: 63.59%  VOC: 54.50 kΩ
1765297570165109566,Temp: 31.36 °C  Hum: 63.59%  VOC: 54.28 kΩ
1765297571534844167,Temp: 31.36 °C  Hum: 63.60%  VOC: 54.28 kΩ
1765297572903300073,Temp: 31.36 °C  Hum: 63.60%  VOC: 54.46 kΩ
1765297574271900533,Temp: 31.36 °C  Hum: 63.61%  VOC: 54.35 kΩ
1765297575641708968,Temp: 31.36 °C  Hum: 63.60%  VOC: 54.32 kΩ
1765297577010336187,Temp: 31.36 °C  Hum: 63.61%  VOC: 54.78 kΩ
1765297578379485052,Temp: 31.36 °C  Hum: 63.60%  VOC: 54.53 kΩ
1765297579748405362,Temp: 31.36 °C  Hum: 63.60%  VOC: 54.71 kΩ
1765297581117477060,Temp: 31.36 °C  Hum: 63.60%  VOC: 54.64 kΩ
1765297582486071058,Temp: 31.36 °C  Hum: 63.59%  VOC: 54.71 kΩ
1765297583855443921,Temp: 31.36 °C  Hum: 63.57%  VOC: 54.82 kΩ
1765297585224105103,Temp: 31.36 °C  Hum: 63.57%  VOC: 55.11 kΩ
1765297586593122172,Temp: 31.36 °C  Hum: 63.58%  VOC: 54.89 kΩ
1765297587962432258,Temp: 31.36 °C  Hum: 63.57%  VOC: 54.96 kΩ
1765297589331587529,Temp: 31.37 °C  Hum: 63.57%  VOC: 54.93 kΩ
1765297590700384322,Temp: 31.37 °C  Hum: 63.57%  VOC: 54.82 kΩ
1765297592069372521,Temp: 31.37 °C  Hum: 63.57%  VOC: 55.33 kΩ
1765297593438528033,Temp: 31.37 °C  Hum: 63.57%  VOC: 55.33 kΩ
1765297594807452954,Temp: 31.37 °C  Hum: 63.55%  VOC: 55.04 kΩ
1765297596176431524,Temp: 31.37 °C  Hum: 63.57%  VOC: 55.26 kΩ
1765297597545557110,Temp: 31.37 °C  Hum: 63.55%  VOC: 55.37 kΩ
1765297598913994720,Temp: 31.37 °C  Hum: 63.56%  VOC: 55.11 kΩ
1765297600283436120,Temp: 31.37 °C  Hum: 63.55%  VOC: 55.26 kΩ
1765297601652335578,Temp: 31.37 °C  Hum: 63.56%  VOC: 55.55 kΩ
1765297603021612997,Temp: 31.37 °C  Hum: 63.56%  VOC: 55.18 kΩ
1765297604390873398,Temp: 31.37 °C  Hum: 63.58%  VOC: 55.37 kΩ
1765297605760214243,Temp: 31.38 °C  Hum: 63.58%  VOC: 55.51 kΩ
1765297607128303225,Temp: 31.38 °C  Hum: 63.58%  VOC: 55.40 kΩ
1765297608497170832,Temp: 31.38 °C  Hum: 63.56%  VOC: 55.40 kΩ
1765297609866345677,Temp: 31.38 °C  Hum: 63.56%  VOC: 55.55 kΩ
1765297611235404524,Temp: 31.38 °C  Hum: 63.54%  VOC: 55.89 kΩ
1765297612604600203,Temp: 31.38 °C  Hum: 63.53%  VOC: 56.00 kΩ
1765297613974231361,Temp: 31.38 °C  Hum: 63.54%  VOC: 55.96 kΩ
1765297615342672155,Temp: 31.38 °C  Hum: 63.54%  VOC: 55.85 kΩ
1765297616711640947,Temp: 31.38 °C  Hum: 63.52%  VOC: 55.85 kΩ
1765297618084249309,Temp: 31.38 °C  Hum: 63.53%  VOC: 55.85 kΩ
1765297619449769806,Temp: 31.38 °C  Hum: 63.54%  VOC: 55.96 kΩ
1765297620818869745,Temp: 31.38 °C  Hum: 63.55%  VOC: 55.70 kΩ
1765297622187768481,Temp: 31.38 °C  Hum: 63.54%  VOC: 55.89 kΩ
1765297623556294627,Temp: 31.38 °C  Hum: 63.54%  VOC: 55.92 kΩ
1765297624925303604,Temp: 31.38 °C  Hum: 63.54%  VOC: 56.04 kΩ
1765297626294841373,Temp: 31.38 °C  Hum: 63.52%  VOC: 56.15 kΩ
1765297627664118644,Temp: 31.38 °C  Hum: 63.53%  VOC: 56.11 kΩ
1765297629033100769,Temp: 31.38 °C  Hum: 63.54%  VOC: 56.15 kΩ
1765297630401768729,Temp: 31.38 °C  Hum: 63.54%  VOC: 55.96 kΩ
1765297631770405430,Temp: 31.39 °C  Hum: 63.52%  VOC: 56.19 kΩ
1765297633139470443,Temp: 31.39 °C  Hum: 63.52%  VOC: 56.38 kΩ
1765297634508705603,Temp: 31.39 °C  Hum: 63.51%  VOC: 56.23 kΩ
1765297635877628969,Temp: 31.39 °C  Hum: 63.52%  VOC: 56.42 kΩ
1765297637246785204,Temp: 31.39 °C  Hum: 63.52%  VOC: 56.42 kΩ
1765297638615811143,Temp: 31.39 °C  Hum: 63.51%  VOC: 56.19 kΩ
1765297639984809379,Temp: 31.39 °C  Hum: 63.51%  VOC: 55.92 kΩ
1765297641353796133,Temp: 31.39 °C  Hum: 63.51%  VOC: 56.42 kΩ
1765297642722781202,Temp: 31.39 °C  Hum: 63.50%  VOC: 55.89 kΩ
1765297644091872400,Temp: 31.39 °C  Hum: 63.49%  VOC: 56.34 kΩ
1765297645460742322,Temp: 31.40 °C  Hum: 63.50%  VOC: 56.61 kΩ
1765297646829915797,Temp: 31.39 °C  Hum: 63.49%  VOC: 56.69 kΩ
1765297648198715571,Temp: 31.39 °C  Hum: 63.49%  VOC: 56.92 kΩ
1765297649567648696,Temp: 31.39 °C  Hum: 63.47%  VOC: 57.27 kΩ
1765297650938008535,Temp: 31.39 °C  Hum: 63.45%  VOC: 57.20 kΩ
1765297652306031406,Temp: 31.40 °C  Hum: 63.47%  VOC: 57.27 kΩ
1765297653676208635,Temp: 31.40 °C  Hum: 63.46%  VOC: 57.23 kΩ
1765297655043989655,Temp: 31.40 °C  Hum: 63.45%  VOC: 57.16 kΩ
1765297656412634486,Temp: 31.40 °C  Hum: 63.45%  VOC: 57.71 kΩ
1765297657781783961,Temp: 31.40 °C  Hum: 63.46%  VOC: 57.95 kΩ
1765297659150893771,Temp: 31.39 °C  Hum: 63.45%  VOC: 57.43 kΩ
1765297660520404022,Temp: 31.40 °C  Hum: 63.45%  VOC: 57.87 kΩ
1765297661888902520,Temp: 31.40 °C  Hum: 63.45%  VOC: 57.87 kΩ
1765297663258363549,Temp: 31.40 °C  Hum: 63.45%  VOC: 57.67 kΩ
1765297664626641770,Temp: 31.40 °C  Hum: 63.44%  VOC: 58.28 kΩ
1765297665996050559,Temp: 31.40 °C  Hum: 63.43%  VOC: 58.52 kΩ
1765297667364825500,Temp: 31.40 °C  Hum: 63.41%  VOC: 58.73 kΩ
1765297668734147234,Temp: 31.40 °C  Hum: 63.41%  VOC: 58.69 kΩ
1765297670103167747,Temp: 31.39 °C  Hum: 63.41%  VOC: 59.11 kΩ
1765297671472158038,Temp: 31.39 °C  Hum: 63.39%  VOC: 58.98 kΩ
1765297672840962590,Temp: 31.39 °C  Hum: 63.40%  VOC: 59.06 kΩ
1765297674209900863,Temp: 31.40 °C  Hum: 63.41%  VOC: 59.32 kΩ
1765297675579651169,Temp: 31.40 °C  Hum: 63.41%  VOC: 59.11 kΩ
1765297676947966705,Temp: 31.40 °C  Hum: 63.42%  VOC: 59.40 kΩ
1765297678317498752,Temp: 31.40 °C  Hum: 63.43%  VOC: 59.32 kΩ
1765297679686140342,Temp: 31.40 °C  Hum: 63.42%  VOC: 59.40 kΩ
1765297681054935097,Temp: 31.40 °C  Hum: 63.43%  VOC: 59.53 kΩ
1765297682424099017,Temp: 31.40 °C  Hum: 63.42%  VOC: 59.62 kΩ
1765297683793007568,Temp: 31.40 °C  Hum: 63.42%  VOC: 59.49 kΩ
1765297685165664393,Temp: 31.40 °C  Hum: 63.43%  VOC: 59.66 kΩ
1765297686531193872,Temp: 31.41 °C  Hum: 63.41%  VOC: 59.28 kΩ
1765297687900326773,Temp: 31.41 °C  Hum: 63.41%  VOC: 59.70 kΩ
1765297689269216250,Temp: 31.41 °C  Hum: 63.39%  VOC: 59.87 kΩ
1765297690640044309,Temp: 31.41 °C  Hum: 63.41%  VOC: 59.74 kΩ
1765297692007270129,Temp: 31.41 °C  Hum: 63.38%  VOC: 59.87 kΩ
1765297693376236568,Temp: 31.41 °C  Hum: 63.37%  VOC: 59.87 kΩ
1765297694747741956,Temp: 31.41 °C  Hum: 63.35%  VOC: 59.87 kΩ
1765297696114506501,Temp: 31.41 °C  Hum: 63.35%  VOC: 60.13 kΩ
1765297697483438163,Temp: 31.41 °C  Hum: 63.36%  VOC: 60.44 kΩ
1765297698852009994,Temp: 31.41 °C  Hum: 63.35%  VOC: 60.26 kΩ
1765297700221419264,Temp: 31.42 °C  Hum: 63.34%  VOC: 59.96 kΩ
1765297701590311686,Temp: 31.42 °C  Hum: 63.34%  VOC: 60.35 kΩ
1765297702959518346,Temp: 31.42 °C  Hum: 63.33%  VOC: 60.48 kΩ
1765297704328508267,Temp: 31.42 °C  Hum: 63.34%  VOC: 60.26 kΩ
1765297705697429337,Temp: 31.42 °C  Hum: 63.33%  VOC: 60.22 kΩ
1765297707066165889,Temp: 31.42 °C  Hum: 63.32%  VOC: 60.31 kΩ
1765297708435291605,Temp: 31.42 °C  Hum: 63.33%  VOC: 60.31 kΩ
1765297709804385433,Temp: 31.42 °C  Hum: 63.33%  VOC: 60.75 kΩ
1765297711173490927,Temp: 31.42 °C  Hum: 63.33%  VOC: 60.53 kΩ
1765297712544637706,Temp: 31.42 °C  Hum: 63.33%  VOC: 60.66 kΩ
1765297713911655027,Temp: 31.42 °C  Hum: 63.33%  VOC: 60.79 kΩ
1765297715280975984,Temp: 31.42 °C  Hum: 63.33%  VOC: 60.44 kΩ
1765297716649645777,Temp: 31.42 °C  Hum: 63.34%  VOC: 60.62 kΩ
1765297718018602031,Temp: 31.42 °C  Hum: 63.33%  VOC: 60.57 kΩ
1765297719387642637,Temp: 31.42 °C  Hum: 63.36%  VOC: 60.70 kΩ
1765297720757239203,Temp: 31.43 °C  Hum: 63.37%  VOC: 60.35 kΩ
1765297722125719423,Temp: 31.42 °C  Hum: 63.35%  VOC: 60.48 kΩ
1765297723494340938,Temp: 31.42 °C  Hum: 63.35%  VOC: 60.48 kΩ
1765297724864038133,Temp: 31.42 °C  Hum: 63.37%  VOC: 60.70 kΩ
1765297726232578223,Temp: 31.43 °C  Hum: 63.38%  VOC: 60.39 kΩ
1765297727602270455,Temp: 31.43 °C  Hum: 63.38%  VOC: 60.84 kΩ
1765297728970773064,Temp: 31.43 °C  Hum: 63.34%  VOC: 60.57 kΩ
1765297730339847021,Temp: 31.43 °C  Hum: 63.36%  VOC: 60.48 kΩ
1765297731708534129,Temp: 31.43 °C  Hum: 63.34%  VOC: 61.20 kΩ
1765297733077588198,Temp: 31.43 °C  Hum: 63.33%  VOC: 61.06 kΩ
1765297734446648008,Temp: 31.43 °C  Hum: 63.30%  VOC: 61.24 kΩ
1765297735815867112,Temp: 31.43 °C  Hum: 63.28%  VOC: 61.74 kΩ
1765297737185026588,Temp: 31.43 °C  Hum: 63.27%  VOC: 61.69 kΩ
1765297738553891009,Temp: 31.43 °C  Hum: 63.28%  VOC: 61.74 kΩ
1765297739926167133,Temp: 31.43 °C  Hum: 63.27%  VOC: 61.60 kΩ
1765297741291601464,Temp: 31.44 °C  Hum: 63.27%  VOC: 61.83 kΩ
1765297742660755143,Temp: 31.44 °C  Hum: 63.26%  VOC: 61.79 kΩ
1765297744029723564,Temp: 31.44 °C  Hum: 63.27%  VOC: 61.97 kΩ
1765297745398774615,Temp: 31.44 °C  Hum: 63.27%  VOC: 62.02 kΩ
1765297746768055904,Temp: 31.44 °C  Hum: 63.28%  VOC: 62.11 kΩ
1765297748136694198,Temp: 31.44 °C  Hum: 63.26%  VOC: 61.92 kΩ
1765297749506661613,Temp: 31.44 °C  Hum: 63.27%  VOC: 61.88 kΩ
1765297750874791483,Temp: 31.44 °C  Hum: 63.29%  VOC: 61.97 kΩ
1765297752244036903,Temp: 31.44 °C  Hum: 63.28%  VOC: 62.20 kΩ
1765297753613120545,Temp: 31.44 °C  Hum: 63.27%  VOC: 62.06 kΩ
1765297754982067281,Temp: 31.44 °C  Hum: 63.27%  VOC: 62.44 kΩ
1765297756350699501,Temp: 31.44 °C  Hum: 63.28%  VOC: 62.48 kΩ
1765297757720091290,Temp: 31.44 °C  Hum: 63.28%  VOC: 62.30 kΩ
1765297759089393931,Temp: 31.44 °C  Hum: 63.27%  VOC: 62.20 kΩ
1765297760457971817,Temp: 31.44 °C  Hum: 63.28%  VOC: 62.48 kΩ
1765297761827189737,Temp: 31.44 °C  Hum: 63.25%  VOC: 62.58 kΩ
1765297763196062455,Temp: 31.44 °C  Hum: 63.26%  VOC: 62.58 kΩ
1765297764565040228,Temp: 31.44 °C  Hum: 63.26%  VOC: 62.39 kΩ
1765297765934001519,Temp: 31.44 °C  Hum: 63.25%  VOC: 62.53 kΩ
1765297767304546894,Temp: 31.44 °C  Hum: 63.27%  VOC: 62.77 kΩ
1765297768672058435,Temp: 31.45 °C  Hum: 63.26%  VOC: 63.00 kΩ
1765297770041099244,Temp: 31.45 °C  Hum: 63.27%  VOC: 62.91 kΩ
1765297771410230664,Temp: 31.45 °C  Hum: 63.27%  VOC: 62.91 kΩ
1765297772778854347,Temp: 31.45 °C  Hum: 63.26%  VOC: 62.77 kΩ
1765297774148341987,Temp: 31.45 °C  Hum: 63.27%  VOC: 63.05 kΩ
1765297775517121779,Temp: 31.45 °C  Hum: 63.24%  VOC: 63.39 kΩ
1765297776886518383,Temp: 31.45 °C  Hum: 63.23%  VOC: 63.92 kΩ
1765297778255308416,Temp: 31.45 °C  Hum: 63.21%  VOC: 64.07 kΩ
1765297779624295060,Temp: 31.45 °C  Hum: 63.19%  VOC: 63.97 kΩ
1765297780993050686,Temp: 31.45 °C  Hum: 63.18%  VOC: 64.37 kΩ
1765297782361863385,Temp: 31.45 °C  Hum: 63.17%  VOC: 64.57 kΩ
1765297783731330878,Temp: 31.45 °C  Hum: 63.19%  VOC: 64.37 kΩ
1765297785100269854,Temp: 31.45 °C  Hum: 63.19%  VOC: 64.47 kΩ
1765297786469259461,Temp: 31.45 °C  Hum: 63.18%  VOC: 64.52 kΩ
1765297787838266030,Temp: 31.45 °C  Hum: 63.19%  VOC: 64.52 kΩ
1765297789207048563,Temp: 31.45 °C  Hum: 63.19%  VOC: 64.67 kΩ
1765297790576234816,Temp: 31.45 °C  Hum: 63.21%  VOC: 64.37 kΩ
1765297791945224459,Temp: 31.45 °C  Hum: 63.20%  VOC: 64.62 kΩ
1765297793314369398,Temp: 31.45 °C  Hum: 63.23%  VOC: 64.47 kΩ
1765297794683317374,Temp: 31.45 °C  Hum: 63.22%  VOC: 64.52 kΩ
1765297796052507072,Temp: 31.45 °C  Hum: 63.22%  VOC: 64.17 kΩ
1765297797420995033,Temp: 31.45 °C  Hum: 63.24%  VOC: 64.27 kΩ
1765297798790585784,Temp: 31.46 °C  Hum: 63.24%  VOC: 64.42 kΩ
1765297800159370002,Temp: 31.46 °C  Hum: 63.24%  VOC: 64.47 kΩ
1765297801528673273,Temp: 31.46 °C  Hum: 63.25%  VOC: 64.37 kΩ
1765297802897656250,Temp: 31.46 °C  Hum: 63.24%  VOC: 64.42 kΩ
1765297804266685170,Temp: 31.46 °C  Hum: 63.25%  VOC: 64.47 kΩ
1765297805635544055,Temp: 31.46 °C  Hum: 63.24%  VOC: 64.27 kΩ
1765297807004253163,Temp: 31.46 °C  Hum: 63.24%  VOC: 64.37 kΩ
1765297808373668155,Temp: 31.46 °C  Hum: 63.23%  VOC: 64.32 kΩ
1765297809744897452,Temp: 31.46 °C  Hum: 63.23%  VOC: 64.22 kΩ
1765297811111470498,Temp: 31.46 °C  Hum: 63.24%  VOC: 64.52 kΩ
1765297812480804028,Temp: 31.46 °C  Hum: 63.23%  VOC: 64.37 kΩ
1765297813849145286,Temp: 31.46 °C  Hum: 63.22%  VOC: 64.57 kΩ
1765297815218439687,Temp: 31.46 °C  Hum: 63.21%  VOC: 64.12 kΩ
1765297816587802421,Temp: 31.46 °C  Hum: 63.20%  VOC: 64.42 kΩ
1765297817956418677,Temp: 31.46 °C  Hum: 63.22%  VOC: 64.57 kΩ
1765297819325518301,Temp: 31.46 °C  Hum: 63.20%  VOC: 64.42 kΩ
1765297820694532037,Temp: 31.47 °C  Hum: 63.20%  VOC: 64.67 kΩ
1765297822063417736,Temp: 31.47 °C  Hum: 63.21%  VOC: 64.47 kΩ
1765297823432467083,Temp: 31.47 °C  Hum: 63.20%  VOC: 64.87 kΩ
1765297824805588702,Temp: 31.47 °C  Hum: 63.18%  VOC: 65.13 kΩ
1765297826170469443,Temp: 31.47 °C  Hum: 63.16%  VOC: 65.33 kΩ
1765297827539925824,Temp: 31.47 °C  Hum: 63.14%  VOC: 65.43 kΩ
1765297828909206058,Temp: 31.47 °C  Hum: 63.13%  VOC: 65.59 kΩ
1765297830277476243,Temp: 31.47 °C  Hum: 63.11%  VOC: 65.54 kΩ
1765297831646390145,Temp: 31.47 °C  Hum: 63.10%  VOC: 66.06 kΩ
1765297833015801805,Temp: 31.47 °C  Hum: 63.10%  VOC: 65.80 kΩ
1765297834384879484,Temp: 31.47 °C  Hum: 63.09%  VOC: 66.27 kΩ
1765297835753795869,Temp: 31.47 °C  Hum: 63.08%  VOC: 65.95 kΩ
1765297837122697698,Temp: 31.47 °C  Hum: 63.06%  VOC: 66.27 kΩ
1765297838491532212,Temp: 31.47 °C  Hum: 63.06%  VOC: 66.32 kΩ
1765297839860748854,Temp: 31.47 °C  Hum: 63.08%  VOC: 66.27 kΩ
1765297841229481350,Temp: 31.47 °C  Hum: 63.08%  VOC: 65.74 kΩ
1765297842598787510,Temp: 31.47 °C  Hum: 63.08%  VOC: 66.43 kΩ
1765297843967724005,Temp: 31.47 °C  Hum: 63.07%  VOC: 66.48 kΩ
1765297845336907629,Temp: 31.47 °C  Hum: 63.05%  VOC: 66.48 kΩ
1765297846705985346,Temp: 31.48 °C  Hum: 63.06%  VOC: 66.75 kΩ
1765297848074804638,Temp: 31.48 °C  Hum: 63.04%  VOC: 66.69 kΩ
1765297849443965688,Temp: 31.48 °C  Hum: 63.04%  VOC: 66.85 kΩ
1765297850812914109,Temp: 31.48 °C  Hum: 63.03%  VOC: 67.07 kΩ
1765297852181866456,Temp: 31.48 °C  Hum: 63.01%  VOC: 67.23 kΩ
1765297853550984432,Temp: 31.48 °C  Hum: 63.00%  VOC: 67.34 kΩ
1765297854919509892,Temp: 31.48 °C  Hum: 62.99%  VOC: 67.29 kΩ
1765297856288736645,Temp: 31.48 °C  Hum: 62.99%  VOC: 67.73 kΩ
1765297857657905010,Temp: 31.48 °C  Hum: 63.00%  VOC: 67.23 kΩ
1765297859027006597,Temp: 31.48 °C  Hum: 63.01%  VOC: 67.56 kΩ
1765297860395912870,Temp: 31.48 °C  Hum: 63.00%  VOC: 67.51 kΩ
1765297861765220900,Temp: 31.48 °C  Hum: 63.01%  VOC: 67.56 kΩ
1765297863134233469,Temp: 31.48 °C  Hum: 63.01%  VOC: 67.67 kΩ
1765297864502969354,Temp: 31.48 °C  Hum: 63.00%  VOC: 68.00 kΩ
1765297865871769054,Temp: 31.48 °C  Hum: 63.00%  VOC: 68.11 kΩ
1765297867241028529,Temp: 31.49 °C  Hum: 62.99%  VOC: 67.89 kΩ
1765297868609908080,Temp: 31.49 °C  Hum: 62.99%  VOC: 68.28 kΩ
1765297869979019075,Temp: 31.49 °C  Hum: 62.98%  VOC: 68.00 kΩ
1765297871348314494,Temp: 31.49 °C  Hum: 62.98%  VOC: 68.28 kΩ
1765297872717245749,Temp: 31.49 °C  Hum: 62.98%  VOC: 68.39 kΩ
1765297874086041893,Temp: 31.49 °C  Hum: 62.98%  VOC: 68.23 kΩ
1765297875455289405,Temp: 31.49 °C  Hum: 62.99%  VOC: 68.28 kΩ
1765297876824039494,Temp: 31.49 °C  Hum: 62.98%  VOC: 68.51 kΩ
1765297878193047804,Temp: 31.49 °C  Hum: 62.98%  VOC: 68.56 kΩ
1765297879562332130,Temp: 31.49 °C  Hum: 62.98%  VOC: 68.62 kΩ
1765297880930920220,Temp: 31.49 °C  Hum: 62.98%  VOC: 68.34 kΩ
1765297882300082325,Temp: 31.49 °C  Hum: 62.98%  VOC: 68.39 kΩ
1765297883669554873,Temp: 31.49 °C  Hum: 62.98%  VOC: 68.62 kΩ
1765297885038510313,Temp: 31.49 °C  Hum: 62.97%  VOC: 68.79 kΩ
1765297886407380364,Temp: 31.49 °C  Hum: 62.97%  VOC: 68.62 kΩ
1765297887778723445,Temp: 31.49 °C  Hum: 62.95%  VOC: 68.68 kΩ
1765297889145417979,Temp: 31.49 °C  Hum: 62.95%  VOC: 69.02 kΩ
1765297890513949710,Temp: 31.49 °C  Hum: 62.96%  VOC: 69.13 kΩ
1765297891883385373,Temp: 31.49 °C  Hum: 62.92%  VOC: 69.19 kΩ
1765297893252373533,Temp: 31.49 °C  Hum: 62.93%  VOC: 69.60 kΩ
1765297894621404842,Temp: 31.49 °C  Hum: 62.93%  VOC: 69.19 kΩ
1765297895990620688,Temp: 31.50 °C  Hum: 62.95%  VOC: 68.90 kΩ
1765297897362621812,Temp: 31.50 °C  Hum: 62.95%  VOC: 69.02 kΩ
1765297898728523397,Temp: 31.50 °C  Hum: 62.94%  VOC: 68.73 kΩ
1765297900097448538,Temp: 31.50 °C  Hum: 62.96%  VOC: 68.68 kΩ
1765297901466632755,Temp: 31.50 °C  Hum: 62.96%  VOC: 68.90 kΩ
1765297902835702305,Temp: 31.50 °C  Hum: 62.95%  VOC: 69.02 kΩ
1765297904204809188,Temp: 31.50 °C  Hum: 62.97%  VOC: 68.85 kΩ
1765297905573427346,Temp: 31.50 °C  Hum: 62.96%  VOC: 69.13 kΩ
1765297906942399783,Temp: 31.50 °C  Hum: 62.96%  VOC: 68.90 kΩ
1765297908311584037,Temp: 31.50 °C  Hum: 62.97%  VOC: 68.90 kΩ
1765297909680956385,Temp: 31.50 °C  Hum: 62.97%  VOC: 68.96 kΩ
1765297911049963305,Temp: 31.50 °C  Hum: 62.96%  VOC: 68.73 kΩ
1765297912418830853,Temp: 31.50 °C  Hum: 62.96%  VOC: 69.02 kΩ
1765297913787554048,Temp: 31.50 °C  Hum: 62.95%  VOC: 69.02 kΩ
1765297915156561449,Temp: 31.50 °C  Hum: 62.96%  VOC: 68.62 kΩ
1765297916525715851,Temp: 31.50 °C  Hum: 62.96%  VOC: 68.90 kΩ
1765297917895275608,Temp: 31.51 °C  Hum: 62.95%  VOC: 68.79 kΩ
1765297919263855987,Temp: 31.51 °C  Hum: 62.95%  VOC: 68.79 kΩ
1765297920633011463,Temp: 31.51 °C  Hum: 62.94%  VOC: 69.02 kΩ
1765297922002001661,Temp: 31.51 °C  Hum: 62.96%  VOC: 68.68 kΩ
1765297923370774893,Temp: 31.51 °C  Hum: 62.94%  VOC: 68.79 kΩ
1765297924740007648,Temp: 31.51 °C  Hum: 62.92%  VOC: 69.25 kΩ
1765297926110358428,Temp: 31.51 °C  Hum: 62.92%  VOC: 69.36 kΩ
1765297927478093876,Temp: 31.51 °C  Hum: 62.92%  VOC: 69.31 kΩ
1765297928847438464,Temp: 31.51 °C  Hum: 62.94%  VOC: 69.36 kΩ
1765297930216025955,Temp: 31.51 °C  Hum: 62.92%  VOC: 69.31 kΩ
1765297931584946226,Temp: 31.51 °C  Hum: 62.94%  VOC: 69.31 kΩ
1765297932954203758,Temp: 31.51 °C  Hum: 62.93%  VOC: 68.96 kΩ
1765297934323391753,Temp: 31.51 °C  Hum: 62.92%  VOC: 68.96 kΩ
1765297935692790397,Temp: 31.51 °C  Hum: 62.91%  VOC: 69.19 kΩ
1765297937061399370,Temp: 31.51 °C  Hum: 62.92%  VOC: 68.96 kΩ
1765297938430187158,Temp: 31.51 °C  Hum: 62.92%  VOC: 69.08 kΩ
1765297939799306430,Temp: 31.51 °C  Hum: 62.90%  VOC: 69.48 kΩ
1765297941168624944,Temp: 31.52 °C  Hum: 62.89%  VOC: 69.19 kΩ
1765297942537443529,Temp: 31.52 °C  Hum: 62.89%  VOC: 69.48 kΩ
1765297943906462764,Temp: 31.52 °C  Hum: 62.88%  VOC: 69.71 kΩ
1765297945275626314,Temp: 31.52 °C  Hum: 62.88%  VOC: 69.83 kΩ
1765297946644463214,Temp: 31.52 °C  Hum: 62.86%  VOC: 69.83 kΩ
1765297948013749450,Temp: 31.52 °C  Hum: 62.86%  VOC: 69.95 kΩ
1765297949382452516,Temp: 31.52 °C  Hum: 62.85%  VOC: 69.77 kΩ
1765297950754365009,Temp: 31.52 °C  Hum: 62.88%  VOC: 69.89 kΩ
1765297952120683226,Temp: 31.52 °C  Hum: 62.85%  VOC: 69.83 kΩ
1765297953489745461,Temp: 31.52 °C  Hum: 62.87%  VOC: 69.83 kΩ
1765297954858981771,Temp: 31.52 °C  Hum: 62.85%  VOC: 70.13 kΩ
1765297956227638855,Temp: 31.52 °C  Hum: 62.85%  VOC: 69.95 kΩ
1765297957596920369,Temp: 31.52 °C  Hum: 62.85%  VOC: 70.30 kΩ
1765297958965767676,Temp: 31.52 °C  Hum: 62.85%  VOC: 70.30 kΩ
1765297960335110449,Temp: 31.52 °C  Hum: 62.85%  VOC: 70.13 kΩ
1765297961704530798,Temp: 31.52 °C  Hum: 62.85%  VOC: 70.54 kΩ
1765297963073373235,Temp: 31.52 °C  Hum: 62.85%  VOC: 70.42 kΩ
1765297964441897410,Temp: 31.52 °C  Hum: 62.83%  VOC: 70.54 kΩ
1765297965810797959,Temp: 31.52 °C  Hum: 62.85%  VOC: 70.24 kΩ
1765297967180064195,Temp: 31.52 °C  Hum: 62.85%  VOC: 70.54 kΩ
1765297968549210874,Temp: 31.52 °C  Hum: 62.85%  VOC: 70.48 kΩ
1765297969918174219,Temp: 31.52 °C  Hum: 62.87%  VOC: 70.42 kΩ
1765297971286890100,Temp: 31.52 °C  Hum: 62.86%  VOC: 70.42 kΩ
1765297972655985298,Temp: 31.52 °C  Hum: 62.87%  VOC: 70.36 kΩ
1765297974025326757,Temp: 31.52 °C  Hum: 62.87%  VOC: 70.24 kΩ
1765297975394300935,Temp: 31.52 °C  Hum: 62.88%  VOC: 70.48 kΩ
1765297976763196965,Temp: 31.52 °C  Hum: 62.88%  VOC: 70.54 kΩ
1765297978132241644,Temp: 31.52 °C  Hum: 62.90%  VOC: 70.42 kΩ
1765297979500919913,Temp: 31.52 °C  Hum: 62.89%  VOC: 70.78 kΩ
1765297980870280557,Temp: 31.52 °C  Hum: 62.89%  VOC: 70.42 kΩ
1765297982240148612,Temp: 31.52 °C  Hum: 62.89%  VOC: 70.24 kΩ
1765297983608134154,Temp: 31.52 °C  Hum: 62.89%  VOC: 70.66 kΩ
1765297984977471150,Temp: 31.52 °C  Hum: 62.89%  VOC: 70.72 kΩ
1765297986346461625,Temp: 31.52 °C  Hum: 62.89%  VOC: 70.96 kΩ
1765297987715742213,Temp: 31.52 °C  Hum: 62.89%  VOC: 70.84 kΩ
1765297989084379649,Temp: 31.52 °C  Hum: 62.90%  VOC: 70.78 kΩ
1765297990453567199,Temp: 31.52 °C  Hum: 62.88%  VOC: 71.39 kΩ
1765297991822494674,Temp: 31.52 °C  Hum: 62.89%  VOC: 71.08 kΩ
1765297993191474463,Temp: 31.53 °C  Hum: 62.89%  VOC: 70.90 kΩ
1765297994560568680,Temp: 31.53 °C  Hum: 62.90%  VOC: 71.27 kΩ
1765297995929369653,Temp: 31.53 °C  Hum: 62.90%  VOC: 71.45 kΩ
1765297997298375776,Temp: 31.53 °C  Hum: 62.90%  VOC: 71.15 kΩ
1765297998667559253,Temp: 31.53 °C  Hum: 62.91%  VOC: 71.15 kΩ
1765298000036650839,Temp: 31.53 °C  Hum: 62.91%  VOC: 71.33 kΩ
1765298001406119243,Temp: 31.52 °C  Hum: 62.89%  VOC: 71.39 kΩ
1765298002774839809,Temp: 31.52 °C  Hum: 62.90%  VOC: 71.82 kΩ
1765298004144015156,Temp: 31.52 °C  Hum: 62.91%  VOC: 71.76 kΩ
1765298005512986927,Temp: 31.52 °C  Hum: 62.91%  VOC: 71.39 kΩ
1765298006881594325,Temp: 31.52 °C  Hum: 62.93%  VOC: 72.07 kΩ
1765298008250796987,Temp: 31.53 °C  Hum: 62.93%  VOC: 71.51 kΩ
1765298009619893573,Temp: 31.53 °C  Hum: 62.93%  VOC: 71.76 kΩ
1765298010989098809,Temp: 31.53 °C  Hum: 62.93%  VOC: 71.70 kΩ
1765298012358183544,Temp: 31.53 °C  Hum: 62.93%  VOC: 71.64 kΩ
1765298013726888517,Temp: 31.53 °C  Hum: 62.93%  VOC: 71.76 kΩ
1765298015095915918,Temp: 31.53 °C  Hum: 62.93%  VOC: 71.64 kΩ
1765298016464949764,Temp: 31.53 °C  Hum: 62.94%  VOC: 71.76 kΩ
1765298017834008535,Temp: 31.53 °C  Hum: 62.94%  VOC: 71.33 kΩ
1765298019203868831,Temp: 31.53 °C  Hum: 62.93%  VOC: 72.01 kΩ
1765298020572355747,Temp: 31.53 °C  Hum: 62.94%  VOC: 71.95 kΩ
1765298021940912663,Temp: 31.52 °C  Hum: 62.94%  VOC: 72.01 kΩ
1765298023309989935,Temp: 31.52 °C  Hum: 62.94%  VOC: 72.26 kΩ
1765298024679185875,Temp: 31.52 °C  Hum: 62.95%  VOC: 72.51 kΩ
1765298026048358017,Temp: 31.52 °C  Hum: 62.95%  VOC: 72.45 kΩ
1765298027417366048,Temp: 31.52 °C  Hum: 62.95%  VOC: 72.77 kΩ
1765298028786458931,Temp: 31.52 °C  Hum: 62.96%  VOC: 72.64 kΩ
1765298030155177275,Temp: 31.52 °C  Hum: 62.95%  VOC: 72.51 kΩ
1765298031524527307,Temp: 31.52 °C  Hum: 62.97%  VOC: 72.45 kΩ
1765298032893410282,Temp: 31.52 °C  Hum: 62.97%  VOC: 72.51 kΩ
1765298034262513202,Temp: 31.52 °C  Hum: 62.98%  VOC: 72.01 kΩ
1765298035631702734,Temp: 31.52 °C  Hum: 62.98%  VOC: 72.20 kΩ
1765298037000649449,Temp: 31.53 °C  Hum: 62.99%  VOC: 72.20 kΩ
1765298038369340015,Temp: 31.52 °C  Hum: 63.00%  VOC: 72.20 kΩ
1765298039739231477,Temp: 31.52 °C  Hum: 63.00%  VOC: 72.45 kΩ
1765298041107624559,Temp: 31.52 °C  Hum: 62.98%  VOC: 72.77 kΩ
1765298042476572256,Temp: 31.52 °C  Hum: 62.99%  VOC: 72.89 kΩ
1765298043845690028,Temp: 31.52 °C  Hum: 62.97%  VOC: 72.83 kΩ
1765298045214674577,Temp: 31.52 °C  Hum: 62.98%  VOC: 72.96 kΩ
1765298046583654570,Temp: 31.52 °C  Hum: 62.97%  VOC: 73.15 kΩ
1765298047953084141,Temp: 31.52 °C  Hum: 62.97%  VOC: 73.02 kΩ
1765298049321666132,Temp: 31.52 °C  Hum: 62.98%  VOC: 73.08 kΩ
1765298050691260092,Temp: 31.52 °C  Hum: 62.97%  VOC: 73.21 kΩ
1765298052060215178,Temp: 31.53 °C  Hum: 62.99%  VOC: 73.28 kΩ
1765298053428931262,Temp: 31.53 °C  Hum: 62.99%  VOC: 72.96 kΩ
1765298054797744328,Temp: 31.53 °C  Hum: 62.98%  VOC: 72.64 kΩ
1765298056166999101,Temp: 31.53 °C  Hum: 63.01%  VOC: 73.28 kΩ
1765298057535810297,Temp: 31.53 °C  Hum: 63.00%  VOC: 73.08 kΩ
1765298058904846032,Temp: 31.53 °C  Hum: 63.01%  VOC: 73.41 kΩ
1765298060274012489,Temp: 31.53 °C  Hum: 63.00%  VOC: 73.21 kΩ
1765298061643142891,Temp: 31.53 °C  Hum: 62.99%  VOC: 73.54 kΩ
1765298063012267737,Temp: 31.52 °C  Hum: 62.99%  VOC: 73.86 kΩ
1765298064381255379,Temp: 31.52 °C  Hum: 62.99%  VOC: 74.06 kΩ
1765298065750231095,Temp: 31.52 °C  Hum: 62.97%  VOC: 73.67 kΩ
1765298067119670850,Temp: 31.52 °C  Hum: 62.98%  VOC: 74.53 kΩ
1765298068488269267,Temp: 31.52 °C  Hum: 62.99%  VOC: 74.06 kΩ
1765298069857505596,Temp: 31.52 °C  Hum: 62.99%  VOC: 74.06 kΩ
1765298071225962900,Temp: 31.53 °C  Hum: 62.99%  VOC: 74.19 kΩ
1765298072596299236,Temp: 31.53 °C  Hum: 62.99%  VOC: 73.67 kΩ
1765298073964219389,Temp: 31.53 °C  Hum: 63.01%  VOC: 73.73 kΩ
1765298075333372810,Temp: 31.53 °C  Hum: 63.01%  VOC: 73.80 kΩ
1765298076702500896,Temp: 31.53 °C  Hum: 63.03%  VOC: 73.67 kΩ
1765298078071410815,Temp: 31.53 °C  Hum: 63.02%  VOC: 73.80 kΩ
1765298079440188381,Temp: 31.53 °C  Hum: 63.03%  VOC: 73.41 kΩ
1765298080809304524,Temp: 31.53 °C  Hum: 63.04%  VOC: 73.80 kΩ
1765298082178476852,Temp: 31.53 °C  Hum: 63.03%  VOC: 73.47 kΩ
1765298083548946929,Temp: 31.53 °C  Hum: 63.03%  VOC: 73.41 kΩ
1765298084916669433,Temp: 31.53 °C  Hum: 63.01%  VOC: 73.93 kΩ
1765298086285724242,Temp: 31.53 °C  Hum: 63.03%  VOC: 73.54 kΩ
1765298087654413455,Temp: 31.54 °C  Hum: 63.05%  VOC: 73.47 kΩ
1765298089023643506,Temp: 31.54 °C  Hum: 63.03%  VOC: 73.54 kΩ
1765298090392713704,Temp: 31.54 °C  Hum: 63.03%  VOC: 73.54 kΩ
1765298091763921619,Temp: 31.54 °C  Hum: 63.04%  VOC: 73.73 kΩ
1765298093130746339,Temp: 31.54 °C  Hum: 63.05%  VOC: 73.28 kΩ
1765298094500037316,Temp: 31.54 °C  Hum: 63.04%  VOC: 73.47 kΩ
1765298095870996192,Temp: 31.54 °C  Hum: 63.04%  VOC: 73.28 kΩ
1765298097237920080,Temp: 31.54 °C  Hum: 63.04%  VOC: 73.34 kΩ
1765298098606860166,Temp: 31.54 °C  Hum: 63.05%  VOC: 73.28 kΩ
1765298099975966012,Temp: 31.54 °C  Hum: 63.05%  VOC: 73.02 kΩ
1765298101345181914,Temp: 31.55 °C  Hum: 63.06%  VOC: 73.02 kΩ
1765298102716118174,Temp: 31.55 °C  Hum: 63.06%  VOC: 73.41 kΩ
1765298104086792123,Temp: 31.55 °C  Hum: 63.05%  VOC: 73.21 kΩ
1765298105452123738,Temp: 31.55 °C  Hum: 63.06%  VOC: 73.02 kΩ
1765298106821388266,Temp: 31.55 °C  Hum: 63.06%  VOC: 72.96 kΩ
1765298108190143499,Temp: 31.55 °C  Hum: 63.06%  VOC: 72.57 kΩ
1765298109559371861,Temp: 31.55 °C  Hum: 63.06%  VOC: 72.70 kΩ
1765298110928142705,Temp: 31.55 °C  Hum: 63.08%  VOC: 72.64 kΩ
1765298112296991938,Temp: 31.55 °C  Hum: 63.07%  VOC: 72.89 kΩ
1765298113665798819,Temp: 31.55 °C  Hum: 63.06%  VOC: 72.32 kΩ
1765298115035075235,Temp: 31.55 °C  Hum: 63.07%  VOC: 72.89 kΩ
1765298116404072357,Temp: 31.56 °C  Hum: 63.08%  VOC: 72.45 kΩ
1765298117773073756,Temp: 31.56 °C  Hum: 63.08%  VOC: 72.70 kΩ
1765298119142573227,Temp: 31.56 °C  Hum: 63.08%  VOC: 72.64 kΩ
1765298120511004128,Temp: 31.56 °C  Hum: 63.06%  VOC: 72.51 kΩ
1765298121880234249,Temp: 31.56 °C  Hum: 63.06%  VOC: 72.64 kΩ
1765298123248975722,Temp: 31.56 °C  Hum: 63.06%  VOC: 72.96 kΩ
1765298124618427805,Temp: 31.56 °C  Hum: 63.05%  VOC: 73.02 kΩ
1765298125987351816,Temp: 31.56 °C  Hum: 63.05%  VOC: 72.77 kΩ
1765298127356242400,Temp: 31.56 °C  Hum: 63.05%  VOC: 73.34 kΩ
1765298128725250299,Temp: 31.56 °C  Hum: 63.03%  VOC: 72.77 kΩ
1765298130094077106,Temp: 31.56 °C  Hum: 63.03%  VOC: 72.77 kΩ
1765298131463371819,Temp: 31.56 °C  Hum: 63.05%  VOC: 72.77 kΩ
1765298132832127830,Temp: 31.56 °C  Hum: 63.03%  VOC: 72.77 kΩ
1765298134202532817,Temp: 31.57 °C  Hum: 63.04%  VOC: 73.02 kΩ
1765298135570302794,Temp: 31.57 °C  Hum: 63.05%  VOC: 72.64 kΩ
1765298136939593266,Temp: 31.57 °C  Hum: 63.05%  VOC: 72.51 kΩ
1765298138308329814,Temp: 31.57 °C  Hum: 63.05%  VOC: 72.89 kΩ
1765298139677389102,Temp: 31.57 °C  Hum: 63.05%  VOC: 72.70 kΩ
1765298141046435871,Temp: 31.57 °C  Hum: 63.06%  VOC: 72.39 kΩ
1765298142415483826,Temp: 31.57 °C  Hum: 63.07%  VOC: 72.64 kΩ
1765298143784677187,Temp: 31.57 °C  Hum: 63.05%  VOC: 72.70 kΩ
1765298145153531142,Temp: 31.57 °C  Hum: 63.04%  VOC: 72.57 kΩ
1765298146523069447,Temp: 31.58 °C  Hum: 63.05%  VOC: 72.70 kΩ
1765298147891301311,Temp: 31.58 °C  Hum: 63.05%  VOC: 72.57 kΩ
1765298149261235596,Temp: 31.58 °C  Hum: 63.04%  VOC: 72.51 kΩ
1765298150629545053,Temp: 31.58 °C  Hum: 63.05%  VOC: 72.77 kΩ
1765298151998600600,Temp: 31.58 °C  Hum: 63.04%  VOC: 72.39 kΩ
1765298153367852072,Temp: 31.58 °C  Hum: 63.02%  VOC: 72.70 kΩ
1765298154736400139,Temp: 31.58 °C  Hum: 63.02%  VOC: 72.77 kΩ
1765298156105451668,Temp: 31.59 °C  Hum: 63.01%  VOC: 72.77 kΩ
1765298157474510030,Temp: 31.59 °C  Hum: 63.02%  VOC: 72.45 kΩ
1765298158843554688,Temp: 31.59 °C  Hum: 63.03%  VOC: 72.39 kΩ
1765298160212663142,Temp: 31.59 °C  Hum: 63.04%  VOC: 72.64 kΩ
1765298161581837707,Temp: 31.59 °C  Hum: 63.03%  VOC: 72.32 kΩ
1765298162950861939,Temp: 31.59 °C  Hum: 63.03%  VOC: 72.32 kΩ
1765298164320106949,Temp: 31.59 °C  Hum: 63.05%  VOC: 72.26 kΩ
1765298165688876145,Temp: 31.59 °C  Hum: 63.02%  VOC: 72.70 kΩ
1765298167057695304,Temp: 31.59 °C  Hum: 63.04%  VOC: 72.51 kΩ
1765298168426851887,Temp: 31.59 °C  Hum: 63.03%  VOC: 72.39 kΩ
1765298169796554321,Temp: 31.59 °C  Hum: 63.03%  VOC: 72.39 kΩ
1765298171164975333,Temp: 31.59 °C  Hum: 63.04%  VOC: 72.57 kΩ
1765298172533746474,Temp: 31.59 °C  Hum: 63.02%  VOC: 72.64 kΩ
1765298173902904983,Temp: 31.59 °C  Hum: 63.02%  VOC: 72.77 kΩ
1765298175272042382,Temp: 31.60 °C  Hum: 63.03%  VOC: 72.70 kΩ
1765298176641006911,Temp: 31.60 °C  Hum: 63.03%  VOC: 72.26 kΩ
1765298178010170235,Temp: 31.60 °C  Hum: 63.02%  VOC: 72.83 kΩ
1765298179378709932,Temp: 31.60 °C  Hum: 63.02%  VOC: 72.70 kΩ
1765298180747948941,Temp: 31.60 °C  Hum: 63.01%  VOC: 72.57 kΩ
1765298182116796563,Temp: 31.60 °C  Hum: 63.02%  VOC: 72.39 kΩ
1765298183486006091,Temp: 31.60 °C  Hum: 63.01%  VOC: 72.32 kΩ
1765298184854991157,Temp: 31.60 °C  Hum: 63.01%  VOC: 72.57 kΩ
1765298186224199555,Temp: 31.60 °C  Hum: 63.03%  VOC: 72.57 kΩ
1765298187593274861,Temp: 31.60 °C  Hum: 63.03%  VOC: 72.57 kΩ
1765298188962864499,Temp: 31.60 °C  Hum: 63.02%  VOC: 72.32 kΩ
1765298190330864531,Temp: 31.61 °C  Hum: 63.04%  VOC: 72.51 kΩ
1765298191699968744,Temp: 31.61 °C  Hum: 63.03%  VOC: 72.39 kΩ
1765298193069251105,Temp: 31.61 °C  Hum: 63.03%  VOC: 72.51 kΩ
1765298194438117116,Temp: 31.61 °C  Hum: 63.03%  VOC: 72.32 kΩ
1765298195806832868,Temp: 31.61 °C  Hum: 63.03%  VOC: 72.32 kΩ
1765298197175982266,Temp: 31.61 °C  Hum: 63.02%  VOC: 72.64 kΩ
1765298198545070332,Temp: 31.61 °C  Hum: 63.01%  VOC: 72.64 kΩ
1765298199914022175,Temp: 31.61 °C  Hum: 63.01%  VOC: 72.70 kΩ
1765298201283185018,Temp: 31.61 °C  Hum: 63.00%  VOC: 72.39 kΩ
1765298202652213973,Temp: 31.61 °C  Hum: 63.00%  VOC: 72.26 kΩ
1765298204021002465,Temp: 31.61 °C  Hum: 62.99%  VOC: 72.57 kΩ
1765298205390183326,Temp: 31.61 °C  Hum: 62.99%  VOC: 72.57 kΩ
1765298206759292207,Temp: 31.62 °C  Hum: 62.99%  VOC: 72.70 kΩ
1765298208128212013,Temp: 31.62 °C  Hum: 63.00%  VOC: 72.57 kΩ
1765298209497416467,Temp: 31.62 °C  Hum: 62.99%  VOC: 72.89 kΩ
1765298210866485033,Temp: 31.62 °C  Hum: 62.98%  VOC: 72.83 kΩ
1765298212234979674,Temp: 31.62 °C  Hum: 62.97%  VOC: 72.70 kΩ
1765298213604254646,Temp: 31.62 °C  Hum: 62.97%  VOC: 72.51 kΩ
1765298214973220601,Temp: 31.62 °C  Hum: 62.95%  VOC: 72.70 kΩ
1765298216342294370,Temp: 31.62 °C  Hum: 62.96%  VOC: 72.77 kΩ
1765298217711553435,Temp: 31.62 °C  Hum: 62.98%  VOC: 72.70 kΩ
1765298219080463908,Temp: 31.62 °C  Hum: 62.97%  VOC: 72.64 kΩ
1765298220449220067,Temp: 31.62 °C  Hum: 62.98%  VOC: 72.51 kΩ
1765298221818575558,Temp: 31.63 °C  Hum: 62.99%  VOC: 72.57 kΩ
1765298223187619012,Temp: 31.63 °C  Hum: 62.98%  VOC: 72.83 kΩ
1765298224556559171,Temp: 31.63 °C  Hum: 62.98%  VOC: 72.70 kΩ
1765298225925419274,Temp: 31.63 °C  Hum: 62.99%  VOC: 72.77 kΩ
1765298227294571524,Temp: 31.63 °C  Hum: 62.98%  VOC: 72.39 kΩ
1765298228663133092,Temp: 31.63 °C  Hum: 62.96%  VOC: 72.83 kΩ
1765298230032355582,Temp: 31.63 °C  Hum: 62.97%  VOC: 72.77 kΩ
1765298231401436000,Temp: 31.63 °C  Hum: 62.98%  VOC: 72.77 kΩ
1765298232770582602,Temp: 31.63 °C  Hum: 62.97%  VOC: 72.70 kΩ
1765298234139886241,Temp: 31.63 °C  Hum: 62.96%  VOC: 72.89 kΩ
1765298235508806140,Temp: 31.63 °C  Hum: 62.96%  VOC: 72.64 kΩ
1765298236877529447,Temp: 31.63 °C  Hum: 62.96%  VOC: 72.96 kΩ
1765298238246997345,Temp: 31.63 °C  Hum: 62.96%  VOC: 72.89 kΩ
1765298239615736596,Temp: 31.64 °C  Hum: 62.96%  VOC: 72.57 kΩ
1765298240984934069,Temp: 31.64 °C  Hum: 62.97%  VOC: 72.51 kΩ
1765298242353538099,Temp: 31.64 °C  Hum: 62.97%  VOC: 72.89 kΩ
1765298243722983274,Temp: 31.64 °C  Hum: 62.97%  VOC: 72.57 kΩ
1765298245091962636,Temp: 31.64 °C  Hum: 62.98%  VOC: 72.64 kΩ
1765298246460944165,Temp: 31.64 °C  Hum: 62.97%  VOC: 73.15 kΩ
1765298247829532306,Temp: 31.64 °C  Hum: 62.95%  VOC: 72.83 kΩ
1765298249198764297,Temp: 31.64 °C  Hum: 62.96%  VOC: 72.39 kΩ
1765298250567674511,Temp: 31.64 °C  Hum: 62.96%  VOC: 72.64 kΩ
1765298251936839391,Temp: 31.64 °C  Hum: 62.98%  VOC: 72.51 kΩ
1765298253305768513,Temp: 31.64 °C  Hum: 62.99%  VOC: 72.51 kΩ
1765298254674582783,Temp: 31.64 °C  Hum: 62.98%  VOC: 72.89 kΩ
1765298256044209661,Temp: 31.64 °C  Hum: 62.99%  VOC: 72.89 kΩ
1765298257412854654,Temp: 31.64 °C  Hum: 62.95%  VOC: 73.15 kΩ
1765298258782211200,Temp: 31.64 °C  Hum: 62.94%  VOC: 72.96 kΩ
1765298260150901063,Temp: 31.64 °C  Hum: 62.94%  VOC: 73.21 kΩ
1765298261521124069,Temp: 31.64 °C  Hum: 62.93%  VOC: 73.21 kΩ
1765298262888648991,Temp: 31.64 °C  Hum: 62.93%  VOC: 73.21 kΩ
1765298264257904278,Temp: 31.64 °C  Hum: 62.95%  VOC: 73.34 kΩ
1765298265626874252,Temp: 31.64 °C  Hum: 62.93%  VOC: 73.41 kΩ
1765298266995994835,Temp: 31.64 °C  Hum: 62.93%  VOC: 73.80 kΩ
1765298268365334770,Temp: 31.64 °C  Hum: 62.95%  VOC: 73.47 kΩ
1765298269733635764,Temp: 31.65 °C  Hum: 62.94%  VOC: 73.15 kΩ
1765298271103211272,Temp: 31.65 °C  Hum: 62.93%  VOC: 72.96 kΩ
1765298272472145264,Temp: 31.65 °C  Hum: 62.94%  VOC: 73.41 kΩ
1765298273841592088,Temp: 31.65 °C  Hum: 62.93%  VOC: 73.34 kΩ
1765298275210113044,Temp: 31.65 °C  Hum: 62.93%  VOC: 73.60 kΩ
1765298276579131202,Temp: 31.65 °C  Hum: 62.94%  VOC: 73.28 kΩ
1765298277948244230,Temp: 31.65 °C  Hum: 62.92%  VOC: 73.34 kΩ
1765298279316907112,Temp: 31.65 °C  Hum: 62.93%  VOC: 73.41 kΩ
1765298280686344102,Temp: 31.65 °C  Hum: 62.93%  VOC: 73.08 kΩ
1765298282055031891,Temp: 31.65 °C  Hum: 62.95%  VOC: 73.47 kΩ
1765298283424272993,Temp: 31.65 °C  Hum: 62.95%  VOC: 73.21 kΩ
1765298284793344188,Temp: 31.65 °C  Hum: 62.95%  VOC: 73.21 kΩ
1765298286162848697,Temp: 31.66 °C  Hum: 62.95%  VOC: 73.15 kΩ
1765298287530904303,Temp: 31.66 °C  Hum: 62.95%  VOC: 73.02 kΩ
1765298288900152830,Temp: 31.66 °C  Hum: 62.96%  VOC: 72.83 kΩ
1765298290269054767,Temp: 31.66 °C  Hum: 62.95%  VOC: 73.15 kΩ
1765298291638281035,Temp: 31.66 °C  Hum: 62.95%  VOC: 73.02 kΩ
1765298293007420341,Temp: 31.66 °C  Hum: 62.97%  VOC: 73.02 kΩ
1765298294376402000,Temp: 31.66 °C  Hum: 62.95%  VOC: 72.89 kΩ
1765298295745673657,Temp: 31.66 °C  Hum: 62.96%  VOC: 73.02 kΩ
1765298297114541260,Temp: 31.66 °C  Hum: 62.95%  VOC: 73.08 kΩ
1765298298483635603,Temp: 31.66 °C  Hum: 62.95%  VOC: 73.02 kΩ
1765298299852316874,Temp: 31.66 °C  Hum: 62.95%  VOC: 73.02 kΩ
1765298301221597939,Temp: 31.67 °C  Hum: 62.95%  VOC: 72.77 kΩ
1765298302590477634,Temp: 31.67 °C  Hum: 62.96%  VOC: 72.96 kΩ
1765298303959201442,Temp: 31.67 °C  Hum: 62.94%  VOC: 73.02 kΩ
1765298305328552617,Temp: 31.67 °C  Hum: 62.95%  VOC: 72.77 kΩ
1765298306699371788,Temp: 31.67 °C  Hum: 62.95%  VOC: 73.08 kΩ
1765298308066482916,Temp: 31.67 °C  Hum: 62.93%  VOC: 73.41 kΩ
1765298309435549500,Temp: 31.67 °C  Hum: 62.92%  VOC: 72.96 kΩ
1765298310804746472,Temp: 31.67 °C  Hum: 62.91%  VOC: 73.15 kΩ
1765298312173964907,Temp: 31.67 °C  Hum: 62.91%  VOC: 72.89 kΩ
1765298313542395956,Temp: 31.67 °C  Hum: 62.90%  VOC: 73.02 kΩ
1765298314914173161,Temp: 31.67 °C  Hum: 62.92%  VOC: 72.96 kΩ
1765298316280539569,Temp: 31.67 °C  Hum: 62.92%  VOC: 73.02 kΩ
1765298317649672060,Temp: 31.67 °C  Hum: 62.92%  VOC: 72.89 kΩ
1765298319018617848,Temp: 31.67 °C  Hum: 62.89%  VOC: 73.54 kΩ
1765298320387999653,Temp: 31.67 °C  Hum: 62.90%  VOC: 73.34 kΩ
1765298321756697275,Temp: 31.67 °C  Hum: 62.87%  VOC: 73.28 kΩ
1765298323125817304,Temp: 31.67 °C  Hum: 62.88%  VOC: 73.54 kΩ
1765298324494534630,Temp: 31.67 °C  Hum: 62.88%  VOC: 73.02 kΩ
1765298325863783046,Temp: 31.67 °C  Hum: 62.85%  VOC: 73.93 kΩ
1765298327232746038,Temp: 31.67 °C  Hum: 62.86%  VOC: 73.47 kΩ
1765298328601388864,Temp: 31.67 °C  Hum: 62.83%  VOC: 73.73 kΩ
1765298329970611688,Temp: 31.67 °C  Hum: 62.83%  VOC: 73.93 kΩ
1765298331339691754,Temp: 31.68 °C  Hum: 62.83%  VOC: 73.93 kΩ
1765298332708745042,Temp: 31.68 °C  Hum: 62.83%  VOC: 73.54 kΩ
1765298334077939384,Temp: 31.68 °C  Hum: 62.84%  VOC: 73.67 kΩ
1765298335446956987,Temp: 31.68 °C  Hum: 62.85%  VOC: 73.67 kΩ
1765298336815405166,Temp: 31.68 °C  Hum: 62.84%  VOC: 73.67 kΩ
1765298338184928378,Temp: 31.68 °C  Hum: 62.86%  VOC: 73.80 kΩ
1765298339554281461,Temp: 31.68 °C  Hum: 62.86%  VOC: 73.73 kΩ
1765298340922984027,Temp: 31.68 °C  Hum: 62.86%  VOC: 73.60 kΩ
1765298342291890112,Temp: 31.68 °C  Hum: 62.87%  VOC: 73.34 kΩ
1765298343660917029,Temp: 31.68 °C  Hum: 62.86%  VOC: 73.67 kΩ
1765298345030083891,Temp: 31.68 °C  Hum: 62.86%  VOC: 73.41 kΩ
1765298346398727828,Temp: 31.68 °C  Hum: 62.87%  VOC: 73.47 kΩ
1765298347768660002,Temp: 31.68 °C  Hum: 62.88%  VOC: 73.54 kΩ
1765298349136808219,Temp: 31.69 °C  Hum: 62.87%  VOC: 73.47 kΩ
1765298350507356316,Temp: 31.69 °C  Hum: 62.87%  VOC: 73.60 kΩ
1765298351875418107,Temp: 31.69 °C  Hum: 62.89%  VOC: 73.54 kΩ
1765298353244297655,Temp: 31.69 °C  Hum: 62.88%  VOC: 73.28 kΩ
1765298354615484861,Temp: 31.69 °C  Hum: 62.89%  VOC: 73.21 kΩ
1765298355981897973,Temp: 31.69 °C  Hum: 62.88%  VOC: 73.54 kΩ
1765298357350862557,Temp: 31.69 °C  Hum: 62.87%  VOC: 73.47 kΩ
1765298358720203473,Temp: 31.69 °C  Hum: 62.87%  VOC: 73.60 kΩ
1765298360089179613,Temp: 31.69 °C  Hum: 62.87%  VOC: 73.47 kΩ
1765298361457856458,Temp: 31.69 °C  Hum: 62.85%  VOC: 73.80 kΩ
1765298362827122411,Temp: 31.69 °C  Hum: 62.87%  VOC: 73.54 kΩ
1765298364196213347,Temp: 31.69 °C  Hum: 62.87%  VOC: 73.41 kΩ
1765298365565708467,Temp: 31.69 °C  Hum: 62.85%  VOC: 74.06 kΩ
1765298366934291738,Temp: 31.69 °C  Hum: 62.85%  VOC: 73.28 kΩ
1765298368303226174,Temp: 31.69 °C  Hum: 62.87%  VOC: 73.41 kΩ
1765298369671738963,Temp: 31.69 °C  Hum: 62.87%  VOC: 73.15 kΩ
1765298371040921714,Temp: 31.69 °C  Hum: 62.85%  VOC: 73.54 kΩ
1765298372410377981,Temp: 31.69 °C  Hum: 62.87%  VOC: 73.21 kΩ
1765298373779502991,Temp: 31.70 °C  Hum: 62.86%  VOC: 73.41 kΩ
1765298375148260373,Temp: 31.70 °C  Hum: 62.87%  VOC: 73.41 kΩ
1765298376517504363,Temp: 31.70 °C  Hum: 62.85%  VOC: 73.34 kΩ
1765298377886122264,Temp: 31.70 °C  Hum: 62.85%  VOC: 73.28 kΩ
1765298379255321292,Temp: 31.70 °C  Hum: 62.87%  VOC: 73.08 kΩ
1765298380624216654,Temp: 31.70 °C  Hum: 62.85%  VOC: 73.67 kΩ
1765298381993213035,Temp: 31.70 °C  Hum: 62.85%  VOC: 73.15 kΩ
1765298383362384618,Temp: 31.70 °C  Hum: 62.85%  VOC: 73.15 kΩ
1765298384731437628,Temp: 31.70 °C  Hum: 62.85%  VOC: 73.28 kΩ
1765298386100349250,Temp: 31.70 °C  Hum: 62.84%  VOC: 73.34 kΩ
1765298387469203890,Temp: 31.70 °C  Hum: 62.85%  VOC: 73.21 kΩ
1765298388838301715,Temp: 31.70 °C  Hum: 62.86%  VOC: 73.67 kΩ
1765298390208319777,Temp: 31.70 °C  Hum: 62.87%  VOC: 73.08 kΩ
1765298391576436512,Temp: 31.71 °C  Hum: 62.86%  VOC: 73.15 kΩ
1765298392945442226,Temp: 31.71 °C  Hum: 62.88%  VOC: 73.15 kΩ
1765298394314702939,Temp: 31.71 °C  Hum: 62.87%  VOC: 73.15 kΩ
1765298395683292136,Temp: 31.71 °C  Hum: 62.88%  VOC: 73.21 kΩ
1765298397052660922,Temp: 31.71 °C  Hum: 62.86%  VOC: 73.28 kΩ
1765298398421711932,Temp: 31.71 °C  Hum: 62.84%  VOC: 73.47 kΩ
1765298399790447369,Temp: 31.71 °C  Hum: 62.82%  VOC: 73.60 kΩ
1765298401160343376,Temp: 31.71 °C  Hum: 62.83%  VOC: 73.28 kΩ
1765298402528946869,Temp: 31.71 °C  Hum: 62.82%  VOC: 73.21 kΩ
1765298403897512085,Temp: 31.71 °C  Hum: 62.83%  VOC: 72.96 kΩ
1765298405266333466,Temp: 31.71 °C  Hum: 62.83%  VOC: 73.15 kΩ
1765298406635746048,Temp: 31.71 °C  Hum: 62.84%  VOC: 73.28 kΩ
1765298408004695707,Temp: 31.71 °C  Hum: 62.84%  VOC: 73.54 kΩ
1765298409374518770,Temp: 31.71 °C  Hum: 62.82%  VOC: 73.21 kΩ
1765298410742800060,Temp: 31.71 °C  Hum: 62.85%  VOC: 73.41 kΩ
1765298412111628256,Temp: 31.71 °C  Hum: 62.84%  VOC: 73.28 kΩ
1765298413480631414,Temp: 31.71 °C  Hum: 62.84%  VOC: 73.21 kΩ
1765298414849569554,Temp: 31.71 °C  Hum: 62.86%  VOC: 73.02 kΩ
1765298416218675990,Temp: 31.72 °C  Hum: 62.84%  VOC: 73.34 kΩ
1765298417587846555,Temp: 31.72 °C  Hum: 62.85%  VOC: 73.41 kΩ
1765298418956956176,Temp: 31.72 °C  Hum: 62.85%  VOC: 73.28 kΩ
1765298420326480203,Temp: 31.72 °C  Hum: 62.84%  VOC: 73.28 kΩ
1765298421694700456,Temp: 31.72 °C  Hum: 62.84%  VOC: 73.28 kΩ
1765298423064081280,Temp: 31.72 °C  Hum: 62.85%  VOC: 73.47 kΩ
1765298424432864513,Temp: 31.72 °C  Hum: 62.84%  VOC: 73.28 kΩ
1765298425801983578,Temp: 31.72 °C  Hum: 62.84%  VOC: 73.54 kΩ
1765298427170946848,Temp: 31.72 °C  Hum: 62.83%  VOC: 73.15 kΩ
1765298428539803155,Temp: 31.72 °C  Hum: 62.82%  VOC: 73.67 kΩ
1765298429908655258,Temp: 31.72 °C  Hum: 62.83%  VOC: 73.34 kΩ
1765298431277874212,Temp: 31.72 °C  Hum: 62.82%  VOC: 73.41 kΩ
1765298432647119981,Temp: 31.72 °C  Hum: 62.83%  VOC: 73.47 kΩ
1765298434017763689,Temp: 31.72 °C  Hum: 62.81%  VOC: 73.41 kΩ
1765298435385151723,Temp: 31.73 °C  Hum: 62.82%  VOC: 73.15 kΩ
1765298436754187214,Temp: 31.73 °C  Hum: 62.81%  VOC: 73.34 kΩ
1765298438122989522,Temp: 31.73 °C  Hum: 62.81%  VOC: 73.41 kΩ
1765298439492388160,Temp: 31.73 °C  Hum: 62.79%  VOC: 73.54 kΩ
1765298440864671436,Temp: 31.73 °C  Hum: 62.77%  VOC: 73.28 kΩ
1765298442230123940,Temp: 31.73 °C  Hum: 62.76%  VOC: 73.86 kΩ
1765298443599155858,Temp: 31.73 °C  Hum: 62.76%  VOC: 73.93 kΩ
1765298444968375682,Temp: 31.73 °C  Hum: 62.76%  VOC: 73.67 kΩ
1765298446337028027,Temp: 31.73 °C  Hum: 62.76%  VOC: 73.80 kΩ
1765298447706504442,Temp: 31.73 °C  Hum: 62.75%  VOC: 73.67 kΩ
1765298449075597063,Temp: 31.73 °C  Hum: 62.75%  VOC: 73.86 kΩ
1765298450445532959,Temp: 31.73 °C  Hum: 62.73%  VOC: 74.19 kΩ
1765298451813178622,Temp: 31.73 °C  Hum: 62.73%  VOC: 73.80 kΩ
1765298453182062633,Temp: 31.73 °C  Hum: 62.73%  VOC: 74.06 kΩ
1765298454551220420,Temp: 31.73 °C  Hum: 62.71%  VOC: 74.06 kΩ
1765298455920121856,Temp: 31.73 °C  Hum: 62.72%  VOC: 74.33 kΩ
1765298457289387810,Temp: 31.74 °C  Hum: 62.71%  VOC: 74.19 kΩ
1765298458658396561,Temp: 31.74 °C  Hum: 62.73%  VOC: 73.86 kΩ
1765298460027391830,Temp: 31.74 °C  Hum: 62.71%  VOC: 73.93 kΩ
1765298461396229193,Temp: 31.74 °C  Hum: 62.75%  VOC: 73.54 kΩ
1765298462765460128,Temp: 31.74 °C  Hum: 62.75%  VOC: 73.93 kΩ
1765298464134335361,Temp: 31.74 °C  Hum: 62.75%  VOC: 73.67 kΩ
1765298465503472685,Temp: 31.74 °C  Hum: 62.75%  VOC: 74.06 kΩ
1765298466872352048,Temp: 31.74 °C  Hum: 62.74%  VOC: 73.73 kΩ
1765298468241401373,Temp: 31.74 °C  Hum: 62.75%  VOC: 73.80 kΩ
1765298469610288624,Temp: 31.74 °C  Hum: 62.74%  VOC: 73.86 kΩ
1765298470979266912,Temp: 31.74 °C  Hum: 62.75%  VOC: 73.67 kΩ
1765298472348242329,Temp: 31.74 °C  Hum: 62.75%  VOC: 73.80 kΩ
1765298473717448746,Temp: 31.74 °C  Hum: 62.75%  VOC: 73.80 kΩ
1765298475086692996,Temp: 31.74 °C  Hum: 62.74%  VOC: 73.93 kΩ
1765298476455568933,Temp: 31.74 °C  Hum: 62.74%  VOC: 73.67 kΩ
1765298477824808924,Temp: 31.74 °C  Hum: 62.73%  VOC: 73.93 kΩ
1765298479193436879,Temp: 31.75 °C  Hum: 62.74%  VOC: 74.33 kΩ
1765298480562391482,Temp: 31.75 °C  Hum: 62.74%  VOC: 73.86 kΩ
1765298481931470011,Temp: 31.75 °C  Hum: 62.74%  VOC: 74.13 kΩ
1765298483300579483,Temp: 31.75 °C  Hum: 62.72%  VOC: 73.93 kΩ
1765298484669836770,Temp: 31.75 °C  Hum: 62.74%  VOC: 74.00 kΩ
1765298486038225079,Temp: 31.75 °C  Hum: 62.75%  VOC: 73.67 kΩ
1765298487407484125,Temp: 31.75 °C  Hum: 62.74%  VOC: 73.93 kΩ
1765298488777064189,Temp: 31.75 °C  Hum: 62.74%  VOC: 73.93 kΩ
1765298490145767904,Temp: 31.75 °C  Hum: 62.74%  VOC: 73.80 kΩ
1765298491514725562,Temp: 31.75 °C  Hum: 62.75%  VOC: 73.86 kΩ
1765298492883737572,Temp: 31.75 °C  Hum: 62.74%  VOC: 73.67 kΩ
1765298494252336491,Temp: 31.75 °C  Hum: 62.76%  VOC: 73.80 kΩ
1765298495621564556,Temp: 31.75 °C  Hum: 62.74%  VOC: 73.80 kΩ
1765298496990946528,Temp: 31.75 °C  Hum: 62.73%  VOC: 73.86 kΩ
1765298498359729187,Temp: 31.76 °C  Hum: 62.74%  VOC: 74.06 kΩ
1765298499728873586,Temp: 31.75 °C  Hum: 62.74%  VOC: 73.86 kΩ
1765298501097912503,Temp: 31.76 °C  Hum: 62.74%  VOC: 73.93 kΩ
1765298502466986698,Temp: 31.76 °C  Hum: 62.74%  VOC: 73.73 kΩ
1765298503836000227,Temp: 31.76 °C  Hum: 62.75%  VOC: 73.80 kΩ
1765298505206127362,Temp: 31.76 °C  Hum: 62.74%  VOC: 73.60 kΩ
1765298506573891988,Temp: 31.76 °C  Hum: 62.72%  VOC: 73.60 kΩ
1765298507942774332,Temp: 31.76 °C  Hum: 62.71%  VOC: 73.73 kΩ
1765298509312123045,Temp: 31.76 °C  Hum: 62.70%  VOC: 74.00 kΩ
1765298510681583590,Temp: 31.76 °C  Hum: 62.72%  VOC: 73.93 kΩ
1765298512049722659,Temp: 31.76 °C  Hum: 62.72%  VOC: 73.73 kΩ
1765298513419068075,Temp: 31.76 °C  Hum: 62.72%  VOC: 74.19 kΩ
1765298514787987419,Temp: 31.76 °C  Hum: 62.72%  VOC: 74.06 kΩ
1765298516156999392,Temp: 31.76 °C  Hum: 62.72%  VOC: 73.93 kΩ
1765298517526091161,Temp: 31.76 °C  Hum: 62.70%  VOC: 74.19 kΩ
1765298518894821413,Temp: 31.76 °C  Hum: 62.70%  VOC: 74.53 kΩ
1765298520263843701,Temp: 31.76 °C  Hum: 62.70%  VOC: 74.06 kΩ
1765298521633191098,Temp: 31.76 °C  Hum: 62.68%  VOC: 74.13 kΩ
1765298523001990183,Temp: 31.77 °C  Hum: 62.68%  VOC: 74.19 kΩ
1765298524371356359,Temp: 31.77 °C  Hum: 62.67%  VOC: 74.66 kΩ
1765298525741194237,Temp: 31.77 °C  Hum: 62.67%  VOC: 74.26 kΩ
1765298527111343057,Temp: 31.76 °C  Hum: 62.68%  VOC: 74.33 kΩ
1765298528477881428,Temp: 31.77 °C  Hum: 62.69%  VOC: 74.53 kΩ
1765298529847469936,Temp: 31.77 °C  Hum: 62.70%  VOC: 74.53 kΩ
1765298531216155577,Temp: 31.77 °C  Hum: 62.69%  VOC: 74.19 kΩ
1765298532585054217,Temp: 31.77 °C  Hum: 62.69%  VOC: 74.26 kΩ
1765298533954340134,Temp: 31.77 °C  Hum: 62.70%  VOC: 74.13 kΩ
1765298535322736238,Temp: 31.77 °C  Hum: 62.71%  VOC: 73.93 kΩ
1765298536692064655,Temp: 31.77 °C  Hum: 62.73%  VOC: 74.19 kΩ
1765298538062216939,Temp: 31.77 °C  Hum: 62.71%  VOC: 73.86 kΩ
1765298539430321600,Temp: 31.77 °C  Hum: 62.73%  VOC: 73.80 kΩ
1765298540799271944,Temp: 31.77 °C  Hum: 62.72%  VOC: 74.26 kΩ
1765298542168410842,Temp: 31.77 °C  Hum: 62.73%  VOC: 74.19 kΩ
1765298543537513945,Temp: 31.77 °C  Hum: 62.72%  VOC: 74.00 kΩ
1765298544906255345,Temp: 31.77 °C  Hum: 62.71%  VOC: 74.46 kΩ
1765298546275201540,Temp: 31.78 °C  Hum: 62.71%  VOC: 74.26 kΩ
1765298547644193884,Temp: 31.78 °C  Hum: 62.69%  VOC: 74.33 kΩ
1765298549013356301,Temp: 31.78 °C  Hum: 62.69%  VOC: 74.06 kΩ
1765298550382872883,Temp: 31.78 °C  Hum: 62.68%  VOC: 74.46 kΩ
1765298551753572146,Temp: 31.78 °C  Hum: 62.69%  VOC: 74.06 kΩ
1765298553120519664,Temp: 31.78 °C  Hum: 62.68%  VOC: 74.39 kΩ
1765298554489280712,Temp: 31.78 °C  Hum: 62.66%  VOC: 74.46 kΩ
1765298555858669683,Temp: 31.78 °C  Hum: 62.65%  VOC: 74.26 kΩ
1765298557227854378,Temp: 31.78 °C  Hum: 62.64%  VOC: 74.59 kΩ
1765298558596612685,Temp: 31.78 °C  Hum: 62.66%  VOC: 74.33 kΩ
1765298559965681843,Temp: 31.78 °C  Hum: 62.63%  VOC: 74.39 kΩ
1765298561334271077,Temp: 31.78 °C  Hum: 62.63%  VOC: 74.66 kΩ
1765298562703908733,Temp: 31.78 °C  Hum: 62.63%  VOC: 74.59 kΩ
1765298564072614856,Temp: 31.78 °C  Hum: 62.62%  VOC: 74.73 kΩ
1765298565443271212,Temp: 31.78 °C  Hum: 62.61%  VOC: 74.59 kΩ
1765298566810564783,Temp: 31.78 °C  Hum: 62.61%  VOC: 74.66 kΩ
1765298568179798663,Temp: 31.78 °C  Hum: 62.60%  VOC: 75.13 kΩ
1765298569548597730,Temp: 31.78 °C  Hum: 62.61%  VOC: 74.73 kΩ
1765298570917412981,Temp: 31.78 °C  Hum: 62.63%  VOC: 74.66 kΩ
1765298572286800694,Temp: 31.78 °C  Hum: 62.62%  VOC: 74.79 kΩ
1765298573655910777,Temp: 31.78 °C  Hum: 62.61%  VOC: 75.00 kΩ
1765298575025040491,Temp: 31.78 °C  Hum: 62.61%  VOC: 75.00 kΩ
1765298576393819409,Temp: 31.78 °C  Hum: 62.61%  VOC: 75.06 kΩ
1765298577762718142,Temp: 31.78 °C  Hum: 62.61%  VOC: 74.86 kΩ
1765298579132099002,Temp: 31.78 °C  Hum: 62.59%  VOC: 75.27 kΩ
1765298580500722236,Temp: 31.78 °C  Hum: 62.61%  VOC: 75.06 kΩ
1765298581869937579,Temp: 31.78 °C  Hum: 62.63%  VOC: 74.73 kΩ
1765298583238788608,Temp: 31.79 °C  Hum: 62.62%  VOC: 75.20 kΩ
1765298584607861822,Temp: 31.79 °C  Hum: 62.63%  VOC: 74.59 kΩ
1765298585976618166,Temp: 31.79 °C  Hum: 62.64%  VOC: 75.13 kΩ
1765298587345693157,Temp: 31.79 °C  Hum: 62.64%  VOC: 75.00 kΩ
1765298588715308295,Temp: 31.79 °C  Hum: 62.64%  VOC: 74.59 kΩ
1765298590084002991,Temp: 31.79 °C  Hum: 62.64%  VOC: 74.93 kΩ
1765298591459145517,Temp: 31.79 °C  Hum: 62.63%  VOC: 75.13 kΩ
1765298592822109493,Temp: 31.78 °C  Hum: 62.59%  VOC: 75.41 kΩ
1765298594190567857,Temp: 31.78 °C  Hum: 62.57%  VOC: 75.54 kΩ
1765298595559795440,Temp: 31.78 °C  Hum: 62.57%  VOC: 75.68 kΩ
1765298596929038986,Temp: 31.78 °C  Hum: 62.55%  VOC: 75.75 kΩ
1765298598297968108,Temp: 31.78 °C  Hum: 62.57%  VOC: 76.03 kΩ
1765298599667040173,Temp: 31.78 °C  Hum: 62.57%  VOC: 75.96 kΩ
1765298601036199127,Temp: 31.78 °C  Hum: 62.56%  VOC: 75.75 kΩ
1765298602406224504,Temp: 31.78 °C  Hum: 62.57%  VOC: 75.96 kΩ
1765298603773890352,Temp: 31.78 °C  Hum: 62.58%  VOC: 75.89 kΩ
1765298605143062269,Temp: 31.78 °C  Hum: 62.57%  VOC: 76.45 kΩ
1765298606511939576,Temp: 31.78 °C  Hum: 62.57%  VOC: 75.68 kΩ
1765298607881092456,Temp: 31.79 °C  Hum: 62.57%  VOC: 76.10 kΩ
1765298609250134725,Temp: 31.79 °C  Hum: 62.56%  VOC: 76.31 kΩ
1765298610618901662,Temp: 31.79 °C  Hum: 62.56%  VOC: 76.24 kΩ
1765298611988147208,Temp: 31.79 °C  Hum: 62.56%  VOC: 76.24 kΩ
1765298613357176552,Temp: 31.79 °C  Hum: 62.56%  VOC: 75.89 kΩ
1765298614726222099,Temp: 31.79 °C  Hum: 62.56%  VOC: 76.03 kΩ
1765298616095212905,Temp: 31.79 °C  Hum: 62.57%  VOC: 75.89 kΩ
1765298617464457063,Temp: 31.79 °C  Hum: 62.59%  VOC: 75.89 kΩ
1765298618833564295,Temp: 31.79 °C  Hum: 62.60%  VOC: 75.41 kΩ
1765298620202040770,Temp: 31.79 °C  Hum: 62.60%  VOC: 75.47 kΩ
1765298621571243853,Temp: 31.79 °C  Hum: 62.60%  VOC: 75.89 kΩ
1765298622940260474,Temp: 31.79 °C  Hum: 62.60%  VOC: 76.03 kΩ
1765298624309632631,Temp: 31.79 °C  Hum: 62.61%  VOC: 75.96 kΩ
1765298625678447346,Temp: 31.79 °C  Hum: 62.58%  VOC: 75.61 kΩ
1765298627048223353,Temp: 31.80 °C  Hum: 62.58%  VOC: 75.96 kΩ
1765298628416175534,Temp: 31.80 °C  Hum: 62.60%  VOC: 75.96 kΩ
1765298629785599505,Temp: 31.80 °C  Hum: 62.60%  VOC: 75.47 kΩ
1765298631154329535,Temp: 31.80 °C  Hum: 62.60%  VOC: 76.10 kΩ
1765298632523451045,Temp: 31.80 °C  Hum: 62.61%  VOC: 75.68 kΩ
1765298633892622610,Temp: 31.80 °C  Hum: 62.62%  VOC: 75.61 kΩ
1765298635261384121,Temp: 31.80 °C  Hum: 62.61%  VOC: 75.54 kΩ
1765298636630282057,Temp: 31.80 °C  Hum: 62.60%  VOC: 75.96 kΩ
1765298637999415641,Temp: 31.80 °C  Hum: 62.59%  VOC: 75.89 kΩ
1765298639370711087,Temp: 31.80 °C  Hum: 62.60%  VOC: 75.96 kΩ
1765298640737817197,Temp: 31.80 °C  Hum: 62.59%  VOC: 75.89 kΩ
1765298642106764781,Temp: 31.80 °C  Hum: 62.58%  VOC: 75.68 kΩ
1765298643475461311,Temp: 31.80 °C  Hum: 62.59%  VOC: 75.82 kΩ
1765298644844398080,Temp: 31.80 °C  Hum: 62.58%  VOC: 75.61 kΩ
1765298646213368720,Temp: 31.80 °C  Hum: 62.58%  VOC: 75.96 kΩ
1765298647582468804,Temp: 31.80 °C  Hum: 62.58%  VOC: 75.75 kΩ
1765298648951786461,Temp: 31.80 °C  Hum: 62.57%  VOC: 75.61 kΩ
1765298650320607935,Temp: 31.80 °C  Hum: 62.58%  VOC: 76.24 kΩ
1765298651689431261,Temp: 31.80 °C  Hum: 62.58%  VOC: 75.68 kΩ
1765298653058630455,Temp: 31.80 °C  Hum: 62.57%  VOC: 75.34 kΩ
1765298654428006890,Temp: 31.80 °C  Hum: 62.60%  VOC: 75.89 kΩ
1765298655796753401,Temp: 31.80 °C  Hum: 62.58%  VOC: 75.47 kΩ
1765298657165574338,Temp: 31.80 °C  Hum: 62.59%  VOC: 75.54 kΩ
1765298658534829162,Temp: 31.80 °C  Hum: 62.61%  VOC: 75.96 kΩ
1765298659903442284,Temp: 31.81 °C  Hum: 62.61%  VOC: 75.96 kΩ
1765298661272769460,Temp: 31.81 °C  Hum: 62.62%  VOC: 75.27 kΩ
1765298662641644637,Temp: 31.81 °C  Hum: 62.61%  VOC: 75.54 kΩ
1765298664011009554,Temp: 31.81 °C  Hum: 62.61%  VOC: 75.34 kΩ
1765298665379846712,Temp: 31.81 °C  Hum: 62.60%  VOC: 75.54 kΩ
1765298666748941370,Temp: 31.81 °C  Hum: 62.60%  VOC: 75.96 kΩ
1765298668118082287,Temp: 31.81 °C  Hum: 62.58%  VOC: 75.41 kΩ
1765298669487056057,Temp: 31.81 °C  Hum: 62.59%  VOC: 75.82 kΩ
1765298670856181104,Temp: 31.81 °C  Hum: 62.57%  VOC: 75.89 kΩ
1765298672224659412,Temp: 31.81 °C  Hum: 62.57%  VOC: 75.75 kΩ
1765298673594011495,Temp: 31.81 °C  Hum: 62.57%  VOC: 75.68 kΩ
1765298674962979653,Temp: 31.81 °C  Hum: 62.55%  VOC: 75.41 kΩ
1765298676332039811,Temp: 31.81 °C  Hum: 62.56%  VOC: 75.20 kΩ
1765298677700882581,Temp: 31.81 °C  Hum: 62.55%  VOC: 75.20 kΩ
1765298679069996128,Temp: 31.82 °C  Hum: 62.57%  VOC: 75.27 kΩ
1765298680438973712,Temp: 31.82 °C  Hum: 62.57%  VOC: 75.41 kΩ
1765298681807910186,Temp: 31.82 °C  Hum: 62.59%  VOC: 75.13 kΩ
1765298683177095788,Temp: 31.82 °C  Hum: 62.57%  VOC: 75.13 kΩ
1765298684546185131,Temp: 31.82 °C  Hum: 62.58%  VOC: 75.47 kΩ
1765298685914938031,Temp: 31.82 °C  Hum: 62.58%  VOC: 75.34 kΩ
1765298687283923337,Temp: 31.82 °C  Hum: 62.58%  VOC: 75.20 kΩ
1765298688653018903,Temp: 31.82 °C  Hum: 62.57%  VOC: 75.20 kΩ
1765298690022584115,Temp: 31.82 °C  Hum: 62.59%  VOC: 75.61 kΩ
1765298691391286941,Temp: 31.82 °C  Hum: 62.57%  VOC: 75.13 kΩ
1765298692760254062,Temp: 31.82 °C  Hum: 62.59%  VOC: 75.41 kΩ
1765298694130698511,Temp: 31.82 °C  Hum: 62.58%  VOC: 75.27 kΩ
1765298695498090453,Temp: 31.82 °C  Hum: 62.58%  VOC: 75.82 kΩ
1765298696868014386,Temp: 31.82 °C  Hum: 62.60%  VOC: 75.20 kΩ
1765298698236188232,Temp: 31.82 °C  Hum: 62.57%  VOC: 75.47 kΩ
1765298699605179261,Temp: 31.82 °C  Hum: 62.58%  VOC: 75.13 kΩ
1765298700974416455,Temp: 31.82 °C  Hum: 62.59%  VOC: 75.20 kΩ
1765298702343265411,Temp: 31.82 °C  Hum: 62.58%  VOC: 75.54 kΩ
1765298703713481454,Temp: 31.82 °C  Hum: 62.55%  VOC: 76.10 kΩ
1765298705081376319,Temp: 31.82 °C  Hum: 62.53%  VOC: 75.96 kΩ
1765298706450162423,Temp: 31.82 °C  Hum: 62.55%  VOC: 75.54 kΩ
1765298707819720190,Temp: 31.82 °C  Hum: 62.51%  VOC: 75.68 kΩ
1765298709188476257,Temp: 31.82 °C  Hum: 62.53%  VOC: 75.47 kΩ
1765298710557171861,Temp: 31.82 °C  Hum: 62.54%  VOC: 75.54 kΩ
1765298711926455999,Temp: 31.82 °C  Hum: 62.54%  VOC: 75.41 kΩ
1765298713295237325,Temp: 31.82 °C  Hum: 62.53%  VOC: 75.34 kΩ
1765298714664714037,Temp: 31.82 °C  Hum: 62.53%  VOC: 75.61 kΩ
1765298716033669325,Temp: 31.82 °C  Hum: 62.55%  VOC: 75.41 kΩ
1765298717403911627,Temp: 31.82 °C  Hum: 62.54%  VOC: 75.75 kΩ
1765298718771200921,Temp: 31.82 °C  Hum: 62.55%  VOC: 75.54 kΩ
1765298720140329431,Temp: 31.82 °C  Hum: 62.53%  VOC: 75.75 kΩ
1765298721509303015,Temp: 31.82 °C  Hum: 62.53%  VOC: 75.96 kΩ
1765298722878375247,Temp: 31.82 °C  Hum: 62.53%  VOC: 75.68 kΩ
1765298724247954144,Temp: 31.82 °C  Hum: 62.53%  VOC: 76.17 kΩ
1765298725616648637,Temp: 31.83 °C  Hum: 62.54%  VOC: 75.41 kΩ
1765298726985553592,Temp: 31.83 °C  Hum: 62.54%  VOC: 75.75 kΩ
1765298728354289659,Temp: 31.83 °C  Hum: 62.54%  VOC: 75.47 kΩ
1765298729723815963,Temp: 31.83 °C  Hum: 62.55%  VOC: 75.75 kΩ
1765298731092588993,Temp: 31.83 °C  Hum: 62.56%  VOC: 75.47 kΩ
1765298732461799298,Temp: 31.83 °C  Hum: 62.55%  VOC: 75.41 kΩ
1765298733830861456,Temp: 31.83 °C  Hum: 62.56%  VOC: 75.41 kΩ
1765298735199342061,Temp: 31.83 °C  Hum: 62.56%  VOC: 75.41 kΩ
1765298736568369497,Temp: 31.83 °C  Hum: 62.56%  VOC: 75.41 kΩ
1765298737937666210,Temp: 31.83 °C  Hum: 62.55%  VOC: 75.68 kΩ
1765298739306998571,Temp: 31.83 °C  Hum: 62.54%  VOC: 75.47 kΩ
1765298740676344598,Temp: 31.83 °C  Hum: 62.56%  VOC: 75.20 kΩ
1765298742045737922,Temp: 31.83 °C  Hum: 62.54%  VOC: 75.41 kΩ
1765298743414147600,Temp: 31.83 °C  Hum: 62.55%  VOC: 75.61 kΩ
1765298744783185036,Temp: 31.83 °C  Hum: 62.53%  VOC: 75.41 kΩ
1765298746151610085,Temp: 31.83 °C  Hum: 62.54%  VOC: 75.54 kΩ
1765298747520674503,Temp: 31.83 °C  Hum: 62.54%  VOC: 75.96 kΩ
1765298748889942549,Temp: 31.83 °C  Hum: 62.50%  VOC: 75.96 kΩ
1765298750258854430,Temp: 31.83 °C  Hum: 62.48%  VOC: 75.82 kΩ
1765298751627483589,Temp: 31.83 °C  Hum: 62.49%  VOC: 76.10 kΩ
1765298752996701395,Temp: 31.83 °C  Hum: 62.48%  VOC: 76.10 kΩ
1765298754366561199,Temp: 31.83 °C  Hum: 62.48%  VOC: 75.82 kΩ
1765298755734863878,Temp: 31.83 °C  Hum: 62.48%  VOC: 76.03 kΩ
1765298757104082535,Temp: 31.83 °C  Hum: 62.46%  VOC: 75.96 kΩ
1765298758473030305,Temp: 31.83 °C  Hum: 62.45%  VOC: 75.89 kΩ
1765298759841630076,Temp: 31.83 °C  Hum: 62.44%  VOC: 76.10 kΩ
1765298761210704752,Temp: 31.83 °C  Hum: 62.46%  VOC: 75.82 kΩ
1765298762579877539,Temp: 31.83 °C  Hum: 62.45%  VOC: 76.24 kΩ
1765298763948933198,Temp: 31.84 °C  Hum: 62.43%  VOC: 76.24 kΩ
1765298765317991448,Temp: 31.84 °C  Hum: 62.44%  VOC: 76.10 kΩ
1765298766688554101,Temp: 31.84 °C  Hum: 62.42%  VOC: 76.24 kΩ
1765298768056368023,Temp: 31.84 °C  Hum: 62.42%  VOC: 76.24 kΩ
1765298769425056867,Temp: 31.84 °C  Hum: 62.42%  VOC: 76.24 kΩ
1765298770793925267,Temp: 31.84 °C  Hum: 62.42%  VOC: 76.10 kΩ
1765298772163380535,Temp: 31.84 °C  Hum: 62.42%  VOC: 76.45 kΩ
1765298773531974694,Temp: 31.84 °C  Hum: 62.42%  VOC: 76.31 kΩ
1765298774901118871,Temp: 31.84 °C  Hum: 62.43%  VOC: 76.38 kΩ
1765298776270218399,Temp: 31.84 °C  Hum: 62.43%  VOC: 76.38 kΩ
1765298777638982595,Temp: 31.84 °C  Hum: 62.43%  VOC: 76.10 kΩ
1765298779008547288,Temp: 31.84 °C  Hum: 62.43%  VOC: 76.03 kΩ
1765298780377049023,Temp: 31.84 °C  Hum: 62.42%  VOC: 76.45 kΩ
1765298781746398994,Temp: 31.84 °C  Hum: 62.43%  VOC: 76.59 kΩ
1765298783115378986,Temp: 31.84 °C  Hum: 62.46%  VOC: 75.96 kΩ
1765298784484567903,Temp: 31.84 °C  Hum: 62.45%  VOC: 76.38 kΩ
1765298785852974878,Temp: 31.84 °C  Hum: 62.44%  VOC: 76.24 kΩ
1765298787222052166,Temp: 31.84 °C  Hum: 62.42%  VOC: 76.10 kΩ
1765298788591680137,Temp: 31.84 °C  Hum: 62.42%  VOC: 76.80 kΩ
1765298789960207815,Temp: 31.84 °C  Hum: 62.41%  VOC: 76.52 kΩ
1765298791329483324,Temp: 31.84 °C  Hum: 62.42%  VOC: 76.66 kΩ
1765298792698650186,Temp: 31.84 °C  Hum: 62.41%  VOC: 76.73 kΩ
1765298794067764325,Temp: 31.84 °C  Hum: 62.43%  VOC: 76.59 kΩ
1765298795436539558,Temp: 31.84 °C  Hum: 62.41%  VOC: 76.38 kΩ
1765298796805625364,Temp: 31.84 °C  Hum: 62.42%  VOC: 76.45 kΩ
1765298798174483153,Temp: 31.84 °C  Hum: 62.43%  VOC: 76.38 kΩ
1765298799543578996,Temp: 31.84 °C  Hum: 62.42%  VOC: 76.24 kΩ
1765298800912777579,Temp: 31.84 °C  Hum: 62.42%  VOC: 76.73 kΩ
1765298802281273536,Temp: 31.84 °C  Hum: 62.41%  VOC: 76.52 kΩ
1765298803650528786,Temp: 31.85 °C  Hum: 62.38%  VOC: 76.73 kΩ
1765298805020262867,Temp: 31.85 °C  Hum: 62.37%  VOC: 76.52 kΩ
1765298806388637935,Temp: 31.85 °C  Hum: 62.37%  VOC: 76.59 kΩ
1765298807757855093,Temp: 31.85 °C  Hum: 62.38%  VOC: 76.66 kΩ
1765298809126747511,Temp: 31.85 °C  Hum: 62.39%  VOC: 76.38 kΩ
1765298810495808058,Temp: 31.85 °C  Hum: 62.39%  VOC: 76.52 kΩ
1765298811864480365,Temp: 31.85 °C  Hum: 62.38%  VOC: 76.45 kΩ
1765298813233652616,Temp: 31.85 °C  Hum: 62.40%  VOC: 76.45 kΩ
1765298814602532015,Temp: 31.85 °C  Hum: 62.39%  VOC: 76.45 kΩ
1765298815971663858,Temp: 31.85 °C  Hum: 62.37%  VOC: 76.66 kΩ
1765298817340817942,Temp: 31.85 °C  Hum: 62.40%  VOC: 76.73 kΩ
1765298818710249043,Temp: 31.85 °C  Hum: 62.37%  VOC: 76.80 kΩ
1765298820079126498,Temp: 31.85 °C  Hum: 62.38%  VOC: 76.80 kΩ
1765298821448225860,Temp: 31.85 °C  Hum: 62.37%  VOC: 76.94 kΩ
1765298822816711390,Temp: 31.85 °C  Hum: 62.36%  VOC: 76.80 kΩ
1765298824185839640,Temp: 31.85 °C  Hum: 62.36%  VOC: 76.73 kΩ
1765298825554876743,Temp: 31.85 °C  Hum: 62.33%  VOC: 76.94 kΩ
1765298826923788809,Temp: 31.85 °C  Hum: 62.33%  VOC: 77.16 kΩ
1765298828292738653,Temp: 31.85 °C  Hum: 62.33%  VOC: 76.87 kΩ
1765298829662012032,Temp: 31.85 °C  Hum: 62.33%  VOC: 77.23 kΩ
1765298831031027061,Temp: 31.85 °C  Hum: 62.31%  VOC: 77.44 kΩ
1765298832400006164,Temp: 31.85 °C  Hum: 62.32%  VOC: 77.51 kΩ
1765298833768944322,Temp: 31.85 °C  Hum: 62.31%  VOC: 77.44 kΩ
1765298835137659463,Temp: 31.85 °C  Hum: 62.30%  VOC: 77.37 kΩ
1765298836506626177,Temp: 31.85 °C  Hum: 62.31%  VOC: 77.59 kΩ
1765298837875837575,Temp: 31.85 °C  Hum: 62.31%  VOC: 77.81 kΩ
1765298839244836548,Temp: 31.85 °C  Hum: 62.31%  VOC: 77.44 kΩ
1765298840614040965,Temp: 31.85 °C  Hum: 62.33%  VOC: 77.08 kΩ
1765298841983260215,Temp: 31.85 °C  Hum: 62.32%  VOC: 77.81 kΩ
1765298843351612857,Temp: 31.85 °C  Hum: 62.33%  VOC: 77.08 kΩ
1765298844720902829,Temp: 31.85 °C  Hum: 62.33%  VOC: 77.73 kΩ
1765298846089789136,Temp: 31.85 °C  Hum: 62.33%  VOC: 77.08 kΩ
1765298847459210886,Temp: 31.85 °C  Hum: 62.33%  VOC: 77.44 kΩ
1765298848828089989,Temp: 31.85 °C  Hum: 62.33%  VOC: 76.87 kΩ
1765298850197174147,Temp: 31.86 °C  Hum: 62.35%  VOC: 77.37 kΩ
1765298851565817214,Temp: 31.86 °C  Hum: 62.33%  VOC: 77.08 kΩ
1765298852934853187,Temp: 31.86 °C  Hum: 62.33%  VOC: 77.59 kΩ
1765298854304079196,Temp: 31.86 °C  Hum: 62.35%  VOC: 77.08 kΩ
1765298855673064410,Temp: 31.86 °C  Hum: 62.34%  VOC: 76.94 kΩ
1765298857042240401,Temp: 31.86 °C  Hum: 62.32%  VOC: 77.51 kΩ
1765298858411530540,Temp: 31.86 °C  Hum: 62.33%  VOC: 77.30 kΩ
1765298859780105755,Temp: 31.86 °C  Hum: 62.32%  VOC: 77.08 kΩ
1765298861148981136,Temp: 31.86 °C  Hum: 62.33%  VOC: 77.37 kΩ
1765298862518013257,Temp: 31.86 °C  Hum: 62.33%  VOC: 77.23 kΩ
1765298863887143100,Temp: 31.86 °C  Hum: 62.33%  VOC: 77.23 kΩ
1765298865256224832,Temp: 31.86 °C  Hum: 62.33%  VOC: 77.30 kΩ
1765298866625510545,Temp: 31.86 °C  Hum: 62.34%  VOC: 76.80 kΩ
1765298867994037742,Temp: 31.86 °C  Hum: 62.34%  VOC: 77.23 kΩ
1765298869363075419,Temp: 31.86 °C  Hum: 62.33%  VOC: 76.94 kΩ
1765298870732136503,Temp: 31.86 °C  Hum: 62.34%  VOC: 77.59 kΩ
1765298872101517308,Temp: 31.87 °C  Hum: 62.32%  VOC: 77.23 kΩ
1765298873470413207,Temp: 31.87 °C  Hum: 62.34%  VOC: 77.08 kΩ
1765298874839384588,Temp: 31.87 °C  Hum: 62.34%  VOC: 76.94 kΩ
1765298876208274339,Temp: 31.87 °C  Hum: 62.35%  VOC: 76.87 kΩ
1765298877577357756,Temp: 31.87 °C  Hum: 62.34%  VOC: 77.23 kΩ
1765298878946752043,Temp: 31.87 °C  Hum: 62.36%  VOC: 76.87 kΩ
1765298880315410536,Temp: 31.87 °C  Hum: 62.34%  VOC: 76.80 kΩ
1765298881684452934,Temp: 31.87 °C  Hum: 62.34%  VOC: 77.23 kΩ
1765298883053550352,Temp: 31.87 °C  Hum: 62.34%  VOC: 77.37 kΩ
1765298884422213567,Temp: 31.87 °C  Hum: 62.34%  VOC: 76.87 kΩ
1765298885791468409,Temp: 31.87 °C  Hum: 62.34%  VOC: 76.87 kΩ
1765298887161159065,Temp: 31.87 °C  Hum: 62.34%  VOC: 76.94 kΩ
1765298888529348800,Temp: 31.87 °C  Hum: 62.34%  VOC: 76.94 kΩ
1765298889898548921,Temp: 31.87 °C  Hum: 62.33%  VOC: 77.23 kΩ
1765298891267611690,Temp: 31.87 °C  Hum: 62.32%  VOC: 76.94 kΩ
1765298892637239994,Temp: 31.87 °C  Hum: 62.33%  VOC: 77.44 kΩ
1765298894005397692,Temp: 31.87 °C  Hum: 62.31%  VOC: 76.94 kΩ
1765298895374637535,Temp: 31.87 °C  Hum: 62.31%  VOC: 77.30 kΩ
1765298896743635286,Temp: 31.87 °C  Hum: 62.30%  VOC: 77.23 kΩ
1765298898112737407,Temp: 31.87 °C  Hum: 62.31%  VOC: 77.30 kΩ
1765298899481765991,Temp: 31.87 °C  Hum: 62.32%  VOC: 77.08 kΩ
1765298900850979871,Temp: 31.87 °C  Hum: 62.32%  VOC: 77.23 kΩ
1765298902220112121,Temp: 31.88 °C  Hum: 62.33%  VOC: 76.87 kΩ
1765298903588604022,Temp: 31.88 °C  Hum: 62.32%  VOC: 77.08 kΩ
1765298904957658680,Temp: 31.88 °C  Hum: 62.30%  VOC: 77.08 kΩ
1765298906326864097,Temp: 31.88 °C  Hum: 62.32%  VOC: 77.30 kΩ
1765298907695852959,Temp: 31.88 °C  Hum: 62.34%  VOC: 76.87 kΩ
1765298909065366115,Temp: 31.88 °C  Hum: 62.33%  VOC: 77.16 kΩ
1765298910433574332,Temp: 31.88 °C  Hum: 62.34%  VOC: 76.94 kΩ
1765298911802782249,Temp: 31.88 °C  Hum: 62.34%  VOC: 77.01 kΩ
1765298913171929462,Temp: 31.88 °C  Hum: 62.32%  VOC: 77.30 kΩ
1765298914540729399,Temp: 31.88 °C  Hum: 62.33%  VOC: 77.23 kΩ
1765298915909909816,Temp: 31.88 °C  Hum: 62.33%  VOC: 77.23 kΩ
1765298917279045881,Temp: 31.88 °C  Hum: 62.33%  VOC: 77.51 kΩ
1765298918647777744,Temp: 31.88 °C  Hum: 62.32%  VOC: 76.73 kΩ
1765298920016830347,Temp: 31.88 °C  Hum: 62.32%  VOC: 76.73 kΩ
1765298921386062393,Temp: 31.88 °C  Hum: 62.33%  VOC: 76.38 kΩ
1765298922757639450,Temp: 31.88 °C  Hum: 62.33%  VOC: 76.73 kΩ
1765298924124196135,Temp: 31.88 °C  Hum: 62.31%  VOC: 77.08 kΩ
1765298925493105754,Temp: 31.88 °C  Hum: 62.33%  VOC: 76.94 kΩ
1765298926861927818,Temp: 31.88 °C  Hum: 62.32%  VOC: 77.16 kΩ
1765298928230861233,Temp: 31.88 °C  Hum: 62.32%  VOC: 76.87 kΩ
1765298929599901889,Temp: 31.88 °C  Hum: 62.33%  VOC: 77.01 kΩ
1765298930968954600,Temp: 31.88 °C  Hum: 62.31%  VOC: 77.23 kΩ
1765298932338085756,Temp: 31.88 °C  Hum: 62.30%  VOC: 77.08 kΩ
1765298933707897390,Temp: 31.88 °C  Hum: 62.29%  VOC: 77.16 kΩ
1765298935076140456,Temp: 31.88 °C  Hum: 62.29%  VOC: 77.23 kΩ
1765298936446604755,Temp: 31.88 °C  Hum: 62.28%  VOC: 77.37 kΩ
1765298937814101898,Temp: 31.88 °C  Hum: 62.29%  VOC: 77.16 kΩ
1765298939183151461,Temp: 31.88 °C  Hum: 62.29%  VOC: 77.51 kΩ
1765298940552364190,Temp: 31.89 °C  Hum: 62.29%  VOC: 76.94 kΩ
1765298941921294772,Temp: 31.89 °C  Hum: 62.29%  VOC: 77.37 kΩ
1765298943289869004,Temp: 31.89 °C  Hum: 62.28%  VOC: 77.37 kΩ
1765298944659117418,Temp: 31.89 °C  Hum: 62.29%  VOC: 77.16 kΩ
1765298946028544767,Temp: 31.89 °C  Hum: 62.29%  VOC: 76.94 kΩ
1765298947397368278,Temp: 31.89 °C  Hum: 62.30%  VOC: 76.94 kΩ
1765298948766559198,Temp: 31.89 °C  Hum: 62.28%  VOC: 77.23 kΩ
1765298950135429987,Temp: 31.89 °C  Hum: 62.27%  VOC: 77.44 kΩ
1765298951504359906,Temp: 31.89 °C  Hum: 62.27%  VOC: 77.51 kΩ
1765298952873132139,Temp: 31.89 °C  Hum: 62.27%  VOC: 77.37 kΩ
1765298954242297597,Temp: 31.89 °C  Hum: 62.27%  VOC: 77.16 kΩ
1765298955611642037,Temp: 31.89 °C  Hum: 62.26%  VOC: 77.01 kΩ
1765298956980584197,Temp: 31.89 °C  Hum: 62.27%  VOC: 77.16 kΩ
1765298958349483282,Temp: 31.89 °C  Hum: 62.27%  VOC: 77.16 kΩ
1765298959718692055,Temp: 31.89 °C  Hum: 62.27%  VOC: 77.23 kΩ
1765298961087706456,Temp: 31.89 °C  Hum: 62.27%  VOC: 77.23 kΩ
1765298962456987840,Temp: 31.89 °C  Hum: 62.27%  VOC: 77.37 kΩ
1765298963825462442,Temp: 31.89 °C  Hum: 62.25%  VOC: 77.23 kΩ
1765298965194810252,Temp: 31.89 °C  Hum: 62.22%  VOC: 77.73 kΩ
1765298966563792838,Temp: 31.89 °C  Hum: 62.22%  VOC: 78.03 kΩ
1765298967932501719,Temp: 31.89 °C  Hum: 62.21%  VOC: 78.17 kΩ
1765298969301498509,Temp: 31.89 °C  Hum: 62.20%  VOC: 77.51 kΩ
1765298970671146340,Temp: 31.89 °C  Hum: 62.22%  VOC: 77.66 kΩ
1765298972040057796,Temp: 31.89 °C  Hum: 62.22%  VOC: 77.59 kΩ
1765298973408867899,Temp: 31.89 °C  Hum: 62.22%  VOC: 77.59 kΩ
1765298974778156469,Temp: 31.89 °C  Hum: 62.21%  VOC: 77.51 kΩ
1765298976146524310,Temp: 31.89 °C  Hum: 62.23%  VOC: 77.95 kΩ
1765298977515867954,Temp: 31.89 °C  Hum: 62.26%  VOC: 77.81 kΩ
1765298978884744428,Temp: 31.89 °C  Hum: 62.23%  VOC: 77.44 kΩ
1765298980254441185,Temp: 31.89 °C  Hum: 62.25%  VOC: 77.66 kΩ
1765298981622905842,Temp: 31.89 °C  Hum: 62.24%  VOC: 77.66 kΩ
1765298982992169763,Temp: 31.89 °C  Hum: 62.25%  VOC: 77.81 kΩ
1765298984361170146,Temp: 31.89 °C  Hum: 62.25%  VOC: 77.51 kΩ
1765298985730038990,Temp: 31.89 °C  Hum: 62.25%  VOC: 78.03 kΩ
1765298987099436246,Temp: 31.89 °C  Hum: 62.23%  VOC: 77.95 kΩ
1765298988469102225,Temp: 31.89 °C  Hum: 62.25%  VOC: 77.66 kΩ
1765298989837370584,Temp: 31.89 °C  Hum: 62.24%  VOC: 77.81 kΩ
1765298991206328059,Temp: 31.89 °C  Hum: 62.25%  VOC: 77.66 kΩ
1765298992576095761,Temp: 31.89 °C  Hum: 62.24%  VOC: 78.03 kΩ
1765298993944164823,Temp: 31.89 °C  Hum: 62.23%  VOC: 77.73 kΩ
1765298995313224465,Temp: 31.89 °C  Hum: 62.23%  VOC: 78.03 kΩ
1765298996682504742,Temp: 31.89 °C  Hum: 62.22%  VOC: 77.66 kΩ
1765298998051408069,Temp: 31.90 °C  Hum: 62.23%  VOC: 78.10 kΩ
1765298999421367874,Temp: 31.90 °C  Hum: 62.23%  VOC: 78.10 kΩ
1765299000789122631,Temp: 31.90 °C  Hum: 62.24%  VOC: 77.59 kΩ
1765299002158366068,Temp: 31.90 °C  Hum: 62.25%  VOC: 77.59 kΩ
1765299003528245558,Temp: 31.90 °C  Hum: 62.24%  VOC: 77.66 kΩ
1765299004897664032,Temp: 31.90 °C  Hum: 62.25%  VOC: 77.81 kΩ
1765299006265653417,Temp: 31.90 °C  Hum: 62.25%  VOC: 77.59 kΩ
1765299007636142350,Temp: 31.90 °C  Hum: 62.25%  VOC: 77.44 kΩ
1765299009003848774,Temp: 31.90 °C  Hum: 62.25%  VOC: 77.30 kΩ
1765299010372337644,Temp: 31.90 °C  Hum: 62.26%  VOC: 77.37 kΩ
1765299011741513418,Temp: 31.90 °C  Hum: 62.26%  VOC: 77.30 kΩ
1765299013110388008,Temp: 31.90 °C  Hum: 62.26%  VOC: 77.51 kΩ
1765299014480236650,Temp: 31.90 °C  Hum: 62.25%  VOC: 77.88 kΩ
1765299015848702760,Temp: 31.90 °C  Hum: 62.25%  VOC: 77.51 kΩ
1765299017217196888,Temp: 31.90 °C  Hum: 62.24%  VOC: 77.81 kΩ
1765299018586571106,Temp: 31.90 °C  Hum: 62.22%  VOC: 77.88 kΩ
1765299019955385066,Temp: 31.90 °C  Hum: 62.21%  VOC: 78.10 kΩ
1765299021324778636,Temp: 31.90 °C  Hum: 62.19%  VOC: 78.17 kΩ
1765299022693604670,Temp: 31.90 °C  Hum: 62.19%  VOC: 78.32 kΩ
1765299024063855496,Temp: 31.90 °C  Hum: 62.19%  VOC: 77.88 kΩ
1765299025431849848,Temp: 31.90 °C  Hum: 62.19%  VOC: 77.95 kΩ
1765299026800701457,Temp: 31.90 °C  Hum: 62.19%  VOC: 77.73 kΩ
1765299028169640824,Temp: 31.90 °C  Hum: 62.19%  VOC: 78.10 kΩ
1765299029538598766,Temp: 31.90 °C  Hum: 62.19%  VOC: 78.10 kΩ
1765299030907787743,Temp: 31.90 °C  Hum: 62.21%  VOC: 77.81 kΩ
1765299032276874518,Temp: 31.90 °C  Hum: 62.22%  VOC: 77.81 kΩ
1765299033646037329,Temp: 31.90 °C  Hum: 62.21%  VOC: 77.73 kΩ
1765299035014555661,Temp: 31.90 °C  Hum: 62.20%  VOC: 77.81 kΩ
1765299036385895557,Temp: 31.90 °C  Hum: 62.21%  VOC: 77.88 kΩ
1765299037754145686,Temp: 31.90 °C  Hum: 62.20%  VOC: 78.10 kΩ
1765299039123481830,Temp: 31.90 °C  Hum: 62.21%  VOC: 77.66 kΩ
1765299040491032702,Temp: 31.90 °C  Hum: 62.20%  VOC: 78.25 kΩ
1765299041860039718,Temp: 31.90 °C  Hum: 62.21%  VOC: 77.81 kΩ
1765299043228530383,Temp: 31.90 °C  Hum: 62.22%  VOC: 78.03 kΩ
1765299044600042131,Temp: 31.90 °C  Hum: 62.21%  VOC: 77.81 kΩ
1765299045966886375,Temp: 31.90 °C  Hum: 62.21%  VOC: 77.81 kΩ
1765299047335984409,Temp: 31.90 °C  Hum: 62.21%  VOC: 77.59 kΩ
1765299048705199794,Temp: 31.90 °C  Hum: 62.22%  VOC: 77.95 kΩ
1765299050080806047,Temp: 31.90 °C  Hum: 62.22%  VOC: 77.59 kΩ
1765299051443367324,Temp: 31.90 °C  Hum: 62.23%  VOC: 77.81 kΩ
1765299052812337766,Temp: 31.91 °C  Hum: 62.23%  VOC: 77.59 kΩ
1765299054181247744,Temp: 31.90 °C  Hum: 62.24%  VOC: 78.10 kΩ
1765299055550098334,Temp: 31.90 °C  Hum: 62.22%  VOC: 77.66 kΩ
1765299056919243368,Temp: 31.91 °C  Hum: 62.24%  VOC: 77.81 kΩ
1765299058288272827,Temp: 31.91 °C  Hum: 62.25%  VOC: 77.16 kΩ
1765299059657478601,Temp: 31.91 °C  Hum: 62.26%  VOC: 77.37 kΩ
1765299061026341969,Temp: 31.91 °C  Hum: 62.26%  VOC: 77.59 kΩ
1765299062395007504,Temp: 31.90 °C  Hum: 62.23%  VOC: 77.51 kΩ
1765299063764277185,Temp: 31.91 °C  Hum: 62.22%  VOC: 77.81 kΩ
1765299065133312219,Temp: 31.90 °C  Hum: 62.22%  VOC: 77.73 kΩ
1765299066502634215,Temp: 31.90 °C  Hum: 62.22%  VOC: 77.81 kΩ
1765299067871303342,Temp: 31.90 °C  Hum: 62.21%  VOC: 78.25 kΩ
1765299069239962489,Temp: 31.91 °C  Hum: 62.20%  VOC: 78.25 kΩ
1765299070608998041,Temp: 31.91 °C  Hum: 62.21%  VOC: 77.66 kΩ
1765299071978220222,Temp: 31.91 °C  Hum: 62.20%  VOC: 77.59 kΩ
1765299073347373682,Temp: 31.91 °C  Hum: 62.20%  VOC: 77.81 kΩ
1765299074716557863,Temp: 31.91 °C  Hum: 62.19%  VOC: 78.10 kΩ
1765299076085216674,Temp: 31.91 °C  Hum: 62.20%  VOC: 78.17 kΩ
1765299077454267714,Temp: 31.91 °C  Hum: 62.18%  VOC: 78.32 kΩ
1765299078823263384,Temp: 31.91 °C  Hum: 62.18%  VOC: 78.17 kΩ
1765299080192477961,Temp: 31.91 °C  Hum: 62.18%  VOC: 78.25 kΩ
1765299081561478298,Temp: 31.91 °C  Hum: 62.18%  VOC: 78.25 kΩ
1765299082930781431,Temp: 31.91 °C  Hum: 62.18%  VOC: 78.10 kΩ
1765299084299234639,Temp: 31.91 °C  Hum: 62.17%  VOC: 78.03 kΩ
1765299085668648456,Temp: 31.91 °C  Hum: 62.15%  VOC: 78.61 kΩ
1765299087038349366,Temp: 31.91 °C  Hum: 62.15%  VOC: 78.61 kΩ
1765299088406611741,Temp: 31.91 °C  Hum: 62.14%  VOC: 78.32 kΩ
1765299089775732244,Temp: 31.91 °C  Hum: 62.15%  VOC: 78.32 kΩ
1765299091145151617,Temp: 31.91 °C  Hum: 62.16%  VOC: 78.54 kΩ
1765299092513649751,Temp: 31.91 °C  Hum: 62.18%  VOC: 78.10 kΩ
1765299093882190051,Temp: 31.91 °C  Hum: 62.19%  VOC: 78.17 kΩ
1765299095252057238,Temp: 31.91 °C  Hum: 62.18%  VOC: 78.25 kΩ
1765299096620398058,Temp: 31.91 °C  Hum: 62.20%  VOC: 78.32 kΩ
1765299097989817135,Temp: 31.91 °C  Hum: 62.22%  VOC: 78.10 kΩ
1765299099358773620,Temp: 31.91 °C  Hum: 62.21%  VOC: 78.39 kΩ
1765299100727563438,Temp: 31.91 °C  Hum: 62.24%  VOC: 77.81 kΩ
1765299102098648919,Temp: 31.91 °C  Hum: 62.23%  VOC: 78.03 kΩ
1765299103465787907,Temp: 31.91 °C  Hum: 62.23%  VOC: 77.95 kΩ
1765299104834767115,Temp: 31.91 °C  Hum: 62.24%  VOC: 78.25 kΩ
1765299106203651507,Temp: 31.91 °C  Hum: 62.24%  VOC: 77.81 kΩ
1765299107573505990,Temp: 31.91 °C  Hum: 62.23%  VOC: 78.10 kΩ
1765299108941505996,Temp: 31.91 °C  Hum: 62.24%  VOC: 78.17 kΩ
1765299110310727869,Temp: 31.91 °C  Hum: 62.24%  VOC: 77.81 kΩ
1765299111679958779,Temp: 31.91 °C  Hum: 62.22%  VOC: 77.81 kΩ
1765299113048954061,Temp: 31.91 °C  Hum: 62.22%  VOC: 77.81 kΩ
1765299114417946212,Temp: 31.91 °C  Hum: 62.21%  VOC: 78.32 kΩ
1765299115787044789,Temp: 31.91 °C  Hum: 62.20%  VOC: 78.39 kΩ
1765299117155735571,Temp: 31.91 °C  Hum: 62.19%  VOC: 78.61 kΩ
1765299118525044796,Temp: 31.91 °C  Hum: 62.19%  VOC: 77.95 kΩ
1765299119895270075,Temp: 31.91 °C  Hum: 62.18%  VOC: 77.95 kΩ
1765299121262871415,Temp: 31.91 °C  Hum: 62.18%  VOC: 78.39 kΩ
1765299122632110769,Temp: 31.91 °C  Hum: 62.18%  VOC: 78.17 kΩ
1765299124001147199,Temp: 31.91 °C  Hum: 62.16%  VOC: 77.88 kΩ
1765299125369828128,Temp: 31.91 °C  Hum: 62.18%  VOC: 78.03 kΩ
1765299126739321483,Temp: 31.91 °C  Hum: 62.18%  VOC: 77.81 kΩ
1765299128107968154,Temp: 31.92 °C  Hum: 62.17%  VOC: 77.88 kΩ
1765299129477893137,Temp: 31.92 °C  Hum: 62.18%  VOC: 78.54 kΩ
1765299130846213253,Temp: 31.92 °C  Hum: 62.18%  VOC: 78.03 kΩ
1765299132215355385,Temp: 31.92 °C  Hum: 62.20%  VOC: 78.03 kΩ
1765299133584299704,Temp: 31.92 °C  Hum: 62.20%  VOC: 78.17 kΩ
1765299134955771406,Temp: 31.92 °C  Hum: 62.20%  VOC: 78.25 kΩ
1765299136322238822,Temp: 31.92 °C  Hum: 62.21%  VOC: 78.17 kΩ
1765299137691378825,Temp: 31.92 °C  Hum: 62.20%  VOC: 78.17 kΩ
1765299139061326678,Temp: 31.92 °C  Hum: 62.21%  VOC: 77.66 kΩ
1765299140429173358,Temp: 31.92 °C  Hum: 62.20%  VOC: 77.73 kΩ
1765299141798393967,Temp: 31.92 °C  Hum: 62.21%  VOC: 77.95 kΩ
1765299143167044280,Temp: 31.92 °C  Hum: 62.20%  VOC: 78.17 kΩ
1765299144536162277,Temp: 31.92 °C  Hum: 62.18%  VOC: 78.25 kΩ
1765299145905099275,Temp: 31.92 °C  Hum: 62.18%  VOC: 78.32 kΩ
1765299147274361291,Temp: 31.92 °C  Hum: 62.18%  VOC: 78.25 kΩ
1765299148643566066,Temp: 31.92 °C  Hum: 62.20%  VOC: 78.32 kΩ
1765299150012534268,Temp: 31.92 °C  Hum: 62.18%  VOC: 78.10 kΩ
1765299151381501228,Temp: 31.92 °C  Hum: 62.20%  VOC: 78.25 kΩ
1765299152750415023,Temp: 31.92 °C  Hum: 62.21%  VOC: 78.17 kΩ
1765299154120032927,Temp: 31.92 °C  Hum: 62.20%  VOC: 78.54 kΩ
1765299155488637944,Temp: 31.92 °C  Hum: 62.18%  VOC: 78.17 kΩ
1765299156859644272,Temp: 31.92 °C  Hum: 62.19%  VOC: 77.95 kΩ
1765299158226678291,Temp: 31.92 °C  Hum: 62.20%  VOC: 78.25 kΩ
1765299159595778344,Temp: 31.92 °C  Hum: 62.20%  VOC: 78.17 kΩ
1765299160964849897,Temp: 31.92 °C  Hum: 62.19%  VOC: 77.88 kΩ
1765299162333433210,Temp: 31.92 °C  Hum: 62.20%  VOC: 77.59 kΩ
1765299163702598782,Temp: 31.92 °C  Hum: 62.20%  VOC: 78.25 kΩ
1765299165071572576,Temp: 31.92 °C  Hum: 62.20%  VOC: 77.73 kΩ
1765299166440706203,Temp: 31.92 °C  Hum: 62.19%  VOC: 78.32 kΩ
1765299167810171552,Temp: 31.92 °C  Hum: 62.20%  VOC: 77.81 kΩ
1765299169178919161,Temp: 31.92 °C  Hum: 62.20%  VOC: 78.10 kΩ
1765299170547560215,Temp: 31.92 °C  Hum: 62.20%  VOC: 77.95 kΩ
1765299171917258397,Temp: 31.92 °C  Hum: 62.20%  VOC: 77.88 kΩ
1765299173285780081,Temp: 31.92 °C  Hum: 62.20%  VOC: 77.95 kΩ
1765299174654737523,Temp: 31.92 °C  Hum: 62.19%  VOC: 78.25 kΩ
1765299176025786055,Temp: 31.92 °C  Hum: 62.19%  VOC: 77.95 kΩ
1765299177392550130,Temp: 31.92 °C  Hum: 62.17%  VOC: 77.95 kΩ
1765299178761645942,Temp: 31.92 °C  Hum: 62.17%  VOC: 78.39 kΩ
1765299180130862328,Temp: 31.92 °C  Hum: 62.16%  VOC: 78.25 kΩ
1765299181499809382,Temp: 31.93 °C  Hum: 62.17%  VOC: 77.95 kΩ
1765299182869145694,Temp: 31.93 °C  Hum: 62.14%  VOC: 78.03 kΩ
1765299184237601359,Temp: 31.93 °C  Hum: 62.15%  VOC: 78.39 kΩ
1765299185606641468,Temp: 31.93 °C  Hum: 62.15%  VOC: 78.17 kΩ
1765299186975809262,Temp: 31.92 °C  Hum: 62.16%  VOC: 77.81 kΩ
1765299188344892648,Temp: 31.93 °C  Hum: 62.15%  VOC: 78.03 kΩ
1765299189713988609,Temp: 31.93 °C  Hum: 62.16%  VOC: 77.66 kΩ
1765299191083134884,Temp: 31.93 °C  Hum: 62.17%  VOC: 78.17 kΩ
1765299192452207382,Temp: 31.93 °C  Hum: 62.17%  VOC: 77.81 kΩ
1765299193820719250,Temp: 31.93 °C  Hum: 62.17%  VOC: 78.10 kΩ
1765299195190019581,Temp: 31.93 °C  Hum: 62.17%  VOC: 77.95 kΩ
1765299196558882875,Temp: 31.93 °C  Hum: 62.17%  VOC: 77.73 kΩ
1765299197928234947,Temp: 31.93 °C  Hum: 62.17%  VOC: 77.66 kΩ
1765299199297263574,Temp: 31.93 °C  Hum: 62.17%  VOC: 77.88 kΩ
1765299200666152109,Temp: 31.93 °C  Hum: 62.17%  VOC: 77.59 kΩ
1765299202034987366,Temp: 31.93 °C  Hum: 62.18%  VOC: 77.59 kΩ
1765299203404213419,Temp: 31.93 °C  Hum: 62.17%  VOC: 77.95 kΩ
1765299204773330657,Temp: 31.93 °C  Hum: 62.18%  VOC: 78.03 kΩ
1765299206143374763,Temp: 31.93 °C  Hum: 62.17%  VOC: 78.10 kΩ
1765299207511465742,Temp: 31.93 °C  Hum: 62.18%  VOC: 77.73 kΩ
1765299208880045961,Temp: 31.93 °C  Hum: 62.16%  VOC: 78.25 kΩ
1765299210248957773,Temp: 31.93 °C  Hum: 62.15%  VOC: 77.81 kΩ
1765299211618076141,Temp: 31.93 °C  Hum: 62.13%  VOC: 78.25 kΩ
1765299212987278045,Temp: 31.93 °C  Hum: 62.13%  VOC: 78.17 kΩ
1765299214356241857,Temp: 31.93 °C  Hum: 62.12%  VOC: 78.03 kΩ
1765299215725636817,Temp: 31.93 °C  Hum: 62.12%  VOC: 78.39 kΩ
1765299217094469852,Temp: 31.93 °C  Hum: 62.13%  VOC: 78.17 kΩ
1765299218463308627,Temp: 31.93 °C  Hum: 62.13%  VOC: 78.69 kΩ
1765299219832317994,Temp: 31.93 °C  Hum: 62.13%  VOC: 77.88 kΩ
1765299221201343936,Temp: 31.93 °C  Hum: 62.12%  VOC: 78.03 kΩ
1765299222571357562,Temp: 31.93 °C  Hum: 62.13%  VOC: 78.10 kΩ
1765299223939465504,Temp: 31.93 °C  Hum: 62.13%  VOC: 77.95 kΩ
1765299225308723835,Temp: 31.93 °C  Hum: 62.12%  VOC: 78.25 kΩ
1765299226677217443,Temp: 31.93 °C  Hum: 62.12%  VOC: 78.17 kΩ
1765299228046522107,Temp: 31.93 °C  Hum: 62.13%  VOC: 78.25 kΩ
1765299229415629289,Temp: 31.93 °C  Hum: 62.13%  VOC: 78.17 kΩ
1765299230784526601,Temp: 31.93 °C  Hum: 62.14%  VOC: 77.95 kΩ
1765299232155908560,Temp: 31.93 °C  Hum: 62.13%  VOC: 78.61 kΩ
1765299233522351688,Temp: 31.93 °C  Hum: 62.15%  VOC: 78.17 kΩ
1765299234891689741,Temp: 31.93 °C  Hum: 62.13%  VOC: 78.32 kΩ
1765299236260385719,Temp: 31.93 °C  Hum: 62.13%  VOC: 78.10 kΩ
1765299237629636198,Temp: 31.93 °C  Hum: 62.15%  VOC: 77.88 kΩ
1765299238998932936,Temp: 31.93 °C  Hum: 62.16%  VOC: 78.39 kΩ
1765299240367855322,Temp: 31.93 °C  Hum: 62.15%  VOC: 78.03 kΩ
1765299241736732004,Temp: 31.93 °C  Hum: 62.15%  VOC: 78.54 kΩ
1765299243105914761,Temp: 31.93 °C  Hum: 62.15%  VOC: 78.25 kΩ
1765299244474677295,Temp: 31.93 °C  Hum: 62.13%  VOC: 78.54 kΩ
1765299245843590422,Temp: 31.93 °C  Hum: 62.11%  VOC: 78.03 kΩ
1765299247213102307,Temp: 31.93 °C  Hum: 62.12%  VOC: 78.03 kΩ
1765299248581764897,Temp: 31.93 °C  Hum: 62.13%  VOC: 78.47 kΩ
1765299249951147876,Temp: 31.94 °C  Hum: 62.11%  VOC: 78.17 kΩ
1765299251319743318,Temp: 31.94 °C  Hum: 62.14%  VOC: 78.10 kΩ
1765299252688716278,Temp: 31.94 °C  Hum: 62.13%  VOC: 78.10 kΩ
1765299254058144349,Temp: 31.94 °C  Hum: 62.13%  VOC: 77.81 kΩ
1765299255426917809,Temp: 31.94 °C  Hum: 62.15%  VOC: 78.25 kΩ
1765299256796108288,Temp: 31.94 °C  Hum: 62.13%  VOC: 78.10 kΩ
1765299258165213192,Temp: 31.94 °C  Hum: 62.15%  VOC: 78.32 kΩ
1765299259535700892,Temp: 31.94 °C  Hum: 62.13%  VOC: 78.17 kΩ
1765299260902848650,Temp: 31.94 °C  Hum: 62.10%  VOC: 78.76 kΩ
1765299262271948869,Temp: 31.94 °C  Hum: 62.07%  VOC: 78.39 kΩ
1765299263641398273,Temp: 31.93 °C  Hum: 62.07%  VOC: 78.54 kΩ
1765299265010184030,Temp: 31.94 °C  Hum: 62.07%  VOC: 78.61 kΩ
1765299266379333194,Temp: 31.94 °C  Hum: 62.06%  VOC: 78.76 kΩ
1765299267747988598,Temp: 31.94 °C  Hum: 62.07%  VOC: 78.47 kΩ
1765299269117527280,Temp: 31.94 °C  Hum: 62.07%  VOC: 78.69 kΩ
1765299270486202800,Temp: 31.94 °C  Hum: 62.07%  VOC: 78.99 kΩ
1765299271855808424,Temp: 31.94 °C  Hum: 62.09%  VOC: 78.84 kΩ
1765299273224336162,Temp: 31.94 °C  Hum: 62.07%  VOC: 78.84 kΩ
1765299274593387621,Temp: 31.94 °C  Hum: 62.07%  VOC: 78.91 kΩ
1765299275962038803,Temp: 31.94 °C  Hum: 62.06%  VOC: 78.69 kΩ
1765299277330985170,Temp: 31.94 °C  Hum: 62.07%  VOC: 78.91 kΩ
1765299278700337405,Temp: 31.94 °C  Hum: 62.07%  VOC: 78.54 kΩ
1765299280069278253,Temp: 31.94 °C  Hum: 62.06%  VOC: 78.47 kΩ
1765299281438408360,Temp: 31.94 °C  Hum: 62.07%  VOC: 78.54 kΩ
1765299282807462671,Temp: 31.94 °C  Hum: 62.08%  VOC: 78.61 kΩ
1765299284176439685,Temp: 31.94 °C  Hum: 62.07%  VOC: 78.17 kΩ
1765299285545346033,Temp: 31.94 °C  Hum: 62.08%  VOC: 78.39 kΩ
1765299286914645658,Temp: 31.94 °C  Hum: 62.10%  VOC: 78.54 kΩ
1765299288283718487,Temp: 31.94 °C  Hum: 62.10%  VOC: 78.69 kΩ
1765299289652367151,Temp: 31.94 °C  Hum: 62.09%  VOC: 78.32 kΩ
1765299291021588257,Temp: 31.94 °C  Hum: 62.10%  VOC: 78.61 kΩ
1765299292390322347,Temp: 31.94 °C  Hum: 62.10%  VOC: 78.39 kΩ
1765299293759465435,Temp: 31.94 °C  Hum: 62.08%  VOC: 78.54 kΩ
1765299295128715060,Temp: 31.94 °C  Hum: 62.09%  VOC: 78.69 kΩ
1765299296497513427,Temp: 31.94 °C  Hum: 62.08%  VOC: 78.32 kΩ
1765299297866486645,Temp: 31.94 °C  Hum: 62.08%  VOC: 78.76 kΩ
1765299299235684103,Temp: 31.94 °C  Hum: 62.08%  VOC: 78.54 kΩ
1765299300604408026,Temp: 31.94 °C  Hum: 62.10%  VOC: 78.69 kΩ
1765299301973234893,Temp: 31.94 °C  Hum: 62.10%  VOC: 78.32 kΩ
1765299303342384111,Temp: 31.94 °C  Hum: 62.10%  VOC: 78.69 kΩ
1765299304713575451,Temp: 31.94 °C  Hum: 62.10%  VOC: 78.61 kΩ
1765299306080783601,Temp: 31.94 °C  Hum: 62.11%  VOC: 78.69 kΩ
1765299307449931560,Temp: 31.94 °C  Hum: 62.10%  VOC: 78.25 kΩ
1765299308818578279,Temp: 31.95 °C  Hum: 62.11%  VOC: 78.54 kΩ
1765299310187616719,Temp: 31.95 °C  Hum: 62.10%  VOC: 78.10 kΩ
1765299311556537475,Temp: 31.95 °C  Hum: 62.12%  VOC: 78.47 kΩ
1765299312925633285,Temp: 31.95 °C  Hum: 62.12%  VOC: 78.61 kΩ
1765299314294711207,Temp: 31.94 °C  Hum: 62.08%  VOC: 78.54 kΩ
1765299315663949850,Temp: 31.94 °C  Hum: 62.08%  VOC: 78.69 kΩ
1765299317032520570,Temp: 31.94 °C  Hum: 62.06%  VOC: 78.91 kΩ
1765299318401548510,Temp: 31.94 °C  Hum: 62.06%  VOC: 78.61 kΩ
1765299319770810246,Temp: 31.95 °C  Hum: 62.04%  VOC: 78.76 kΩ
1765299321139922112,Temp: 31.95 °C  Hum: 62.04%  VOC: 78.39 kΩ
1765299322508849590,Temp: 31.95 °C  Hum: 62.06%  VOC: 78.84 kΩ
1765299323879317303,Temp: 31.95 °C  Hum: 62.05%  VOC: 78.91 kΩ
1765299325246545397,Temp: 31.94 °C  Hum: 62.08%  VOC: 78.84 kΩ
1765299326615826930,Temp: 31.94 °C  Hum: 62.06%  VOC: 79.14 kΩ
1765299327984901259,Temp: 31.95 °C  Hum: 62.04%  VOC: 78.99 kΩ
1765299329353741663,Temp: 31.94 °C  Hum: 62.05%  VOC: 78.76 kΩ
1765299330722931899,Temp: 31.94 °C  Hum: 62.06%  VOC: 78.99 kΩ
1765299332092614911,Temp: 31.94 °C  Hum: 62.04%  VOC: 79.14 kΩ
1765299333460799243,Temp: 31.94 °C  Hum: 62.05%  VOC: 78.61 kΩ
1765299334830080608,Temp: 31.94 °C  Hum: 62.04%  VOC: 79.06 kΩ
1765299336198808491,Temp: 31.94 °C  Hum: 62.05%  VOC: 79.29 kΩ
1765299337567920224,Temp: 31.94 °C  Hum: 62.04%  VOC: 79.59 kΩ
1765299338936897864,Temp: 31.94 °C  Hum: 62.05%  VOC: 79.29 kΩ
1765299340306083800,Temp: 31.94 °C  Hum: 62.04%  VOC: 79.21 kΩ
1765299341677078768,Temp: 31.94 °C  Hum: 62.06%  VOC: 79.37 kΩ
1765299343044062099,Temp: 31.95 °C  Hum: 62.04%  VOC: 79.06 kΩ
1765299344413178905,Temp: 31.95 °C  Hum: 62.06%  VOC: 78.84 kΩ
1765299345782405397,Temp: 31.95 °C  Hum: 62.06%  VOC: 79.37 kΩ
1765299347151866888,Temp: 31.95 °C  Hum: 62.06%  VOC: 79.06 kΩ
1765299348520300400,Temp: 31.95 °C  Hum: 62.08%  VOC: 78.99 kΩ
1765299349888996578,Temp: 31.95 °C  Hum: 62.06%  VOC: 79.14 kΩ
1765299351258023755,Temp: 31.95 °C  Hum: 62.08%  VOC: 78.54 kΩ
1765299352627013062,Temp: 31.95 °C  Hum: 62.06%  VOC: 78.91 kΩ
1765299353996245664,Temp: 31.95 °C  Hum: 62.06%  VOC: 79.29 kΩ
1765299355365346360,Temp: 31.95 °C  Hum: 62.04%  VOC: 78.99 kΩ
1765299356734670184,Temp: 31.95 °C  Hum: 62.04%  VOC: 78.84 kΩ
1765299358103012604,Temp: 31.95 °C  Hum: 62.04%  VOC: 78.84 kΩ
1765299359475935123,Temp: 31.95 °C  Hum: 62.05%  VOC: 79.06 kΩ
1765299360841213976,Temp: 31.95 °C  Hum: 62.04%  VOC: 78.91 kΩ
1765299362210354357,Temp: 31.95 °C  Hum: 62.06%  VOC: 79.14 kΩ
1765299363579274608,Temp: 31.95 °C  Hum: 62.05%  VOC: 78.91 kΩ
1765299364948415100,Temp: 31.95 °C  Hum: 62.05%  VOC: 78.76 kΩ
1765299366317259944,Temp: 31.95 °C  Hum: 62.06%  VOC: 78.61 kΩ
1765299367686428566,Temp: 31.95 °C  Hum: 62.07%  VOC: 78.84 kΩ
1765299369056185296,Temp: 31.95 °C  Hum: 62.05%  VOC: 78.69 kΩ
1765299370424440457,Temp: 31.95 °C  Hum: 62.06%  VOC: 78.69 kΩ
1765299371793497319,Temp: 31.95 °C  Hum: 62.06%  VOC: 78.84 kΩ
1765299373162885773,Temp: 31.95 °C  Hum: 62.06%  VOC: 78.91 kΩ
1765299374531946284,Temp: 31.95 °C  Hum: 62.06%  VOC: 79.37 kΩ
1765299375900166130,Temp: 31.95 °C  Hum: 62.06%  VOC: 79.14 kΩ
1765299377269442436,Temp: 31.95 °C  Hum: 62.08%  VOC: 79.37 kΩ
1765299378638718575,Temp: 31.95 °C  Hum: 62.06%  VOC: 78.91 kΩ
1765299380007593253,Temp: 31.95 °C  Hum: 62.06%  VOC: 78.99 kΩ
1765299381376763226,Temp: 31.95 °C  Hum: 62.06%  VOC: 79.06 kΩ
1765299382745714774,Temp: 31.95 °C  Hum: 62.04%  VOC: 79.37 kΩ
1765299384114532951,Temp: 31.95 °C  Hum: 62.03%  VOC: 78.69 kΩ
1765299385483537740,Temp: 31.95 °C  Hum: 62.02%  VOC: 79.14 kΩ
1765299386854021542,Temp: 31.95 °C  Hum: 62.05%  VOC: 78.69 kΩ
1765299388221581520,Temp: 31.96 °C  Hum: 62.06%  VOC: 78.69 kΩ
1765299389590767826,Temp: 31.96 °C  Hum: 62.07%  VOC: 78.76 kΩ
1765299390959821466,Temp: 31.96 °C  Hum: 62.05%  VOC: 78.54 kΩ
1765299392328543366,Temp: 31.96 °C  Hum: 62.06%  VOC: 78.69 kΩ
1765299393697700414,Temp: 31.96 °C  Hum: 62.06%  VOC: 78.61 kΩ
1765299395066588684,Temp: 31.96 °C  Hum: 62.06%  VOC: 78.91 kΩ
1765299396435930304,Temp: 31.96 °C  Hum: 62.07%  VOC: 78.99 kΩ
1765299397804812223,Temp: 31.96 °C  Hum: 62.06%  VOC: 79.21 kΩ
1765299399173882733,Temp: 31.96 °C  Hum: 62.04%  VOC: 79.29 kΩ
1765299400542650556,Temp: 31.96 °C  Hum: 62.05%  VOC: 79.06 kΩ
1765299401911841767,Temp: 31.95 °C  Hum: 62.04%  VOC: 79.29 kΩ
1765299403280655998,Temp: 31.95 °C  Hum: 62.04%  VOC: 79.06 kΩ
1765299404650171744,Temp: 31.95 °C  Hum: 62.03%  VOC: 79.37 kΩ
1765299406018901697,Temp: 31.96 °C  Hum: 62.03%  VOC: 79.44 kΩ
1765299407387977242,Temp: 31.96 °C  Hum: 62.02%  VOC: 79.14 kΩ
1765299408756616325,Temp: 31.96 °C  Hum: 62.02%  VOC: 78.84 kΩ
1765299410125953646,Temp: 31.96 °C  Hum: 62.02%  VOC: 78.84 kΩ
1765299411494991376,Temp: 31.96 °C  Hum: 62.02%  VOC: 79.44 kΩ
1765299412864044032,Temp: 31.96 °C  Hum: 62.04%  VOC: 79.06 kΩ
1765299414234230073,Temp: 31.96 °C  Hum: 62.04%  VOC: 78.91 kΩ
1765299415602251436,Temp: 31.96 °C  Hum: 62.04%  VOC: 78.84 kΩ
1765299416970898889,Temp: 31.96 °C  Hum: 62.05%  VOC: 78.84 kΩ
1765299418340158211,Temp: 31.96 °C  Hum: 62.05%  VOC: 79.06 kΩ
1765299419709186904,Temp: 31.95 °C  Hum: 62.02%  VOC: 79.52 kΩ
1765299421078537096,Temp: 31.95 °C  Hum: 62.02%  VOC: 79.67 kΩ
1765299422447259363,Temp: 31.95 °C  Hum: 62.00%  VOC: 79.29 kΩ
1765299423817356312,Temp: 31.96 °C  Hum: 62.02%  VOC: 79.90 kΩ
1765299425184834232,Temp: 31.96 °C  Hum: 62.01%  VOC: 79.37 kΩ
1765299426554122646,Temp: 31.96 °C  Hum: 62.02%  VOC: 79.67 kΩ
1765299427923069080,Temp: 31.96 °C  Hum: 62.03%  VOC: 79.14 kΩ
1765299429292073421,Temp: 31.96 °C  Hum: 62.02%  VOC: 79.75 kΩ
1765299430679254782,Temp: 31.96 °C  Hum: 62.04%  VOC: 79.21 kΩ
1765299432030288918,Temp: 31.96 °C  Hum: 62.04%  VOC: 79.67 kΩ
1765299433399241463,Temp: 31.96 °C  Hum: 62.03%  VOC: 78.91 kΩ
1765299434767958564,Temp: 31.96 °C  Hum: 62.04%  VOC: 79.67 kΩ
1765299436137265441,Temp: 31.96 °C  Hum: 62.04%  VOC: 78.99 kΩ
1765299437506284115,Temp: 31.96 °C  Hum: 62.04%  VOC: 79.14 kΩ
1765299438876557879,Temp: 31.96 °C  Hum: 62.03%  VOC: 79.37 kΩ
1765299440244610741,Temp: 31.96 °C  Hum: 62.05%  VOC: 78.99 kΩ
1765299441613565286,Temp: 31.96 °C  Hum: 62.05%  VOC: 79.14 kΩ
1765299442982185980,Temp: 31.96 °C  Hum: 62.03%  VOC: 78.84 kΩ
1765299444351162192,Temp: 31.96 °C  Hum: 62.05%  VOC: 78.91 kΩ
1765299445720380199,Temp: 31.96 °C  Hum: 62.03%  VOC: 79.29 kΩ
1765299447089497243,Temp: 31.96 °C  Hum: 62.05%  VOC: 79.29 kΩ
1765299448458537714,Temp: 31.96 °C  Hum: 62.05%  VOC: 79.14 kΩ
1765299449827818091,Temp: 31.96 °C  Hum: 62.05%  VOC: 78.54 kΩ
1765299451197310356,Temp: 31.96 °C  Hum: 62.06%  VOC: 78.99 kΩ
1765299452565622144,Temp: 31.96 °C  Hum: 62.05%  VOC: 78.99 kΩ
1765299453934508319,Temp: 31.96 °C  Hum: 62.07%  VOC: 78.99 kΩ
1765299455303614530,Temp: 31.96 °C  Hum: 62.08%  VOC: 78.99 kΩ
1765299456672901833,Temp: 31.96 °C  Hum: 62.07%  VOC: 78.91 kΩ
1765299458041160269,Temp: 31.96 °C  Hum: 62.07%  VOC: 78.76 kΩ
1765299459410413776,Temp: 31.96 °C  Hum: 62.07%  VOC: 78.84 kΩ
1765299460779409173,Temp: 31.96 °C  Hum: 62.06%  VOC: 78.99 kΩ
1765299462148982308,Temp: 31.96 °C  Hum: 62.06%  VOC: 79.14 kΩ
1765299463517812650,Temp: 31.96 °C  Hum: 62.05%  VOC: 79.14 kΩ
1765299464886993618,Temp: 31.96 °C  Hum: 62.03%  VOC: 79.21 kΩ
1765299466256745431,Temp: 31.96 °C  Hum: 62.02%  VOC: 79.14 kΩ
1765299467625087822,Temp: 31.96 °C  Hum: 62.01%  VOC: 79.14 kΩ
1765299468993444102,Temp: 31.96 °C  Hum: 61.99%  VOC: 79.44 kΩ
1765299470362757157,Temp: 31.96 °C  Hum: 62.00%  VOC: 79.44 kΩ
1765299471732033749,Temp: 31.96 °C  Hum: 61.97%  VOC: 79.75 kΩ
1765299473100824009,Temp: 31.96 °C  Hum: 61.99%  VOC: 79.59 kΩ
1765299474470207878,Temp: 31.96 °C  Hum: 61.99%  VOC: 79.90 kΩ
1765299475840075931,Temp: 31.96 °C  Hum: 61.99%  VOC: 79.21 kΩ
1765299477208507359,Temp: 31.96 °C  Hum: 61.99%  VOC: 79.52 kΩ
1765299478576961768,Temp: 31.96 °C  Hum: 61.99%  VOC: 79.59 kΩ
1765299479946074638,Temp: 31.96 °C  Hum: 62.01%  VOC: 79.67 kΩ
1765299481314951305,Temp: 31.96 °C  Hum: 61.99%  VOC: 79.75 kΩ
1765299482683981768,Temp: 31.96 °C  Hum: 62.01%  VOC: 79.59 kΩ
1765299484052839583,Temp: 31.96 °C  Hum: 62.00%  VOC: 79.52 kΩ
1765299485421679214,Temp: 31.96 °C  Hum: 62.01%  VOC: 79.67 kΩ
1765299486791032879,Temp: 31.96 °C  Hum: 62.00%  VOC: 79.52 kΩ
1765299488160033306,Temp: 31.96 °C  Hum: 62.01%  VOC: 79.90 kΩ
1765299489530003766,Temp: 31.96 °C  Hum: 62.00%  VOC: 79.75 kΩ
1765299490898301805,Temp: 31.96 °C  Hum: 61.98%  VOC: 79.82 kΩ
1765299492267621230,Temp: 31.96 °C  Hum: 62.00%  VOC: 79.59 kΩ
1765299493636599582,Temp: 31.96 °C  Hum: 62.00%  VOC: 79.44 kΩ
1765299495005139361,Temp: 31.96 °C  Hum: 62.01%  VOC: 79.82 kΩ
1765299496374198306,Temp: 31.96 °C  Hum: 62.00%  VOC: 79.59 kΩ
1765299497743184917,Temp: 31.96 °C  Hum: 62.00%  VOC: 79.75 kΩ
1765299499112454916,Temp: 31.96 °C  Hum: 62.01%  VOC: 79.67 kΩ
1765299500480738141,Temp: 31.96 °C  Hum: 62.00%  VOC: 79.75 kΩ
1765299501851784765,Temp: 31.96 °C  Hum: 62.01%  VOC: 79.59 kΩ
1765299503219163955,Temp: 31.96 °C  Hum: 62.01%  VOC: 79.52 kΩ
1765299504588441972,Temp: 31.96 °C  Hum: 62.02%  VOC: 79.44 kΩ
1765299505957322473,Temp: 31.96 °C  Hum: 62.02%  VOC: 79.44 kΩ
1765299507326347251,Temp: 31.96 °C  Hum: 62.05%  VOC: 79.21 kΩ
1765299508695327955,Temp: 31.96 °C  Hum: 62.05%  VOC: 79.21 kΩ
1765299510064238159,Temp: 31.97 °C  Hum: 62.05%  VOC: 79.29 kΩ
1765299511433180492,Temp: 31.97 °C  Hum: 62.04%  VOC: 79.06 kΩ
1765299512802204085,Temp: 31.97 °C  Hum: 62.05%  VOC: 79.44 kΩ
1765299514171749250,Temp: 31.97 °C  Hum: 62.04%  VOC: 79.21 kΩ
1765299515540420862,Temp: 31.97 °C  Hum: 62.05%  VOC: 78.99 kΩ
1765299516909397918,Temp: 31.97 °C  Hum: 62.05%  VOC: 79.21 kΩ
1765299518278122697,Temp: 31.97 °C  Hum: 62.05%  VOC: 78.99 kΩ
1765299519648198527,Temp: 31.97 °C  Hum: 62.04%  VOC: 79.14 kΩ
1765299521016320233,Temp: 31.97 °C  Hum: 62.03%  VOC: 79.14 kΩ
1765299522385341567,Temp: 31.97 °C  Hum: 62.03%  VOC: 79.75 kΩ
1765299523754526400,Temp: 31.97 °C  Hum: 62.03%  VOC: 79.14 kΩ
1765299525123159271,Temp: 31.97 °C  Hum: 62.02%  VOC: 79.29 kΩ
1765299526492533807,Temp: 31.97 °C  Hum: 62.02%  VOC: 79.44 kΩ
1765299527861352401,Temp: 31.97 °C  Hum: 62.01%  VOC: 79.82 kΩ
1765299529230671270,Temp: 31.97 °C  Hum: 62.00%  VOC: 79.37 kΩ
1765299530599541614,Temp: 31.97 °C  Hum: 61.99%  VOC: 79.44 kΩ
1765299531968645284,Temp: 31.97 °C  Hum: 61.97%  VOC: 79.44 kΩ
1765299533337438991,Temp: 31.97 °C  Hum: 61.97%  VOC: 79.59 kΩ
1765299534708163472,Temp: 31.97 °C  Hum: 61.99%  VOC: 79.29 kΩ
1765299536075613757,Temp: 31.97 °C  Hum: 61.97%  VOC: 79.14 kΩ
1765299537444563464,Temp: 31.97 °C  Hum: 61.99%  VOC: 79.67 kΩ
1765299538813665467,Temp: 31.97 °C  Hum: 61.97%  VOC: 79.44 kΩ
1765299540182707489,Temp: 31.97 °C  Hum: 61.98%  VOC: 79.59 kΩ
1765299541551587771,Temp: 31.97 °C  Hum: 61.99%  VOC: 79.29 kΩ
1765299542920503682,Temp: 31.97 °C  Hum: 61.98%  VOC: 79.75 kΩ
1765299544289710870,Temp: 31.97 °C  Hum: 61.99%  VOC: 79.21 kΩ
1765299545658677725,Temp: 31.97 °C  Hum: 61.99%  VOC: 79.59 kΩ
1765299547027812098,Temp: 31.97 °C  Hum: 61.99%  VOC: 79.90 kΩ
1765299548397005416,Temp: 31.97 °C  Hum: 61.98%  VOC: 79.67 kΩ
1765299549765507106,Temp: 31.97 °C  Hum: 61.97%  VOC: 79.44 kΩ
1765299551135011682,Temp: 31.97 °C  Hum: 61.95%  VOC: 79.90 kΩ
1765299552503620872,Temp: 31.97 °C  Hum: 61.95%  VOC: 79.98 kΩ
1765299553872767356,Temp: 31.97 °C  Hum: 61.95%  VOC: 79.59 kΩ
1765299555242014340,Temp: 31.97 °C  Hum: 61.97%  VOC: 79.59 kΩ
1765299556611216491,Temp: 31.97 °C  Hum: 61.95%  VOC: 79.67 kΩ
1765299557979877181,Temp: 31.97 °C  Hum: 61.95%  VOC: 79.44 kΩ
1765299559348659685,Temp: 31.97 °C  Hum: 61.95%  VOC: 79.59 kΩ
1765299560717858984,Temp: 31.97 °C  Hum: 61.97%  VOC: 79.44 kΩ
1765299562086817339,Temp: 31.97 °C  Hum: 61.97%  VOC: 79.44 kΩ
1765299563456010287,Temp: 31.97 °C  Hum: 61.98%  VOC: 79.67 kΩ
1765299564825005531,Temp: 31.97 °C  Hum: 61.97%  VOC: 79.37 kΩ
1765299566194013627,Temp: 31.97 °C  Hum: 61.97%  VOC: 79.82 kΩ
1765299567562746242,Temp: 31.97 °C  Hum: 61.95%  VOC: 80.36 kΩ
1765299568932423595,Temp: 31.97 °C  Hum: 61.93%  VOC: 80.67 kΩ
1765299570301200174,Temp: 31.96 °C  Hum: 61.92%  VOC: 80.67 kΩ
1765299571670777490,Temp: 31.96 °C  Hum: 61.91%  VOC: 80.67 kΩ
1765299573039299013,Temp: 31.97 °C  Hum: 61.90%  VOC: 80.83 kΩ
1765299574407751037,Temp: 31.97 °C  Hum: 61.90%  VOC: 80.75 kΩ
1765299575776835596,Temp: 31.97 °C  Hum: 61.91%  VOC: 80.67 kΩ
1765299577146094432,Temp: 31.97 °C  Hum: 61.89%  VOC: 80.91 kΩ
1765299578515028639,Temp: 31.97 °C  Hum: 61.90%  VOC: 80.83 kΩ
1765299579884203216,Temp: 31.97 °C  Hum: 61.92%  VOC: 80.83 kΩ
1765299581253179830,Temp: 31.97 °C  Hum: 61.93%  VOC: 80.75 kΩ
1765299582622783332,Temp: 31.97 °C  Hum: 61.93%  VOC: 80.67 kΩ
1765299583991526299,Temp: 31.97 °C  Hum: 61.93%  VOC: 80.44 kΩ
1765299585360087285,Temp: 31.97 °C  Hum: 61.94%  VOC: 80.44 kΩ
1765299586729389640,Temp: 31.97 °C  Hum: 61.94%  VOC: 80.52 kΩ
1765299588098179533,Temp: 31.97 °C  Hum: 61.94%  VOC: 80.05 kΩ
1765299589467612442,Temp: 31.97 °C  Hum: 61.95%  VOC: 80.52 kΩ
1765299590835970836,Temp: 31.97 °C  Hum: 61.95%  VOC: 80.13 kΩ
